[2026-07-17 20:02:50] testing.ERROR: Vite manifest not found at: /var/www/sepand-crm/public/build/manifest.json {"view":{"view":"/var/www/sepand-crm/Modules/Accounting/resources/views/payments/_fields.blade.php","data":[]},"userId":"a2486775-2c26-4205-86ae-4d12be262048","exception":"[object] (Spatie\\LaravelIgnition\\Exceptions\\ViewException(code: 0): Vite manifest not found at: /var/www/sepand-crm/public/build/manifest.json at /var/www/sepand-crm/vendor/laravel/framework/src/Illuminate/Foundation/Vite.php:728)
[stacktrace]
#0 /var/www/sepand-crm/vendor/laravel/framework/src/Illuminate/Foundation/Vite.php(673): Illuminate\\Foundation\\Vite->manifest()
#1 /var/www/sepand-crm/vendor/laravel/framework/src/Illuminate/Support/Facades/Facade.php(355): Illuminate\\Foundation\\Vite->asset()
#2 /var/www/sepand-crm/Modules/Accounting/resources/views/payments/_fields.blade.php(124): Illuminate\\Support\\Facades\\Facade::__callStatic()
#3 /var/www/sepand-crm/vendor/laravel/framework/src/Illuminate/Filesystem/Filesystem.php(123): require('...')
#4 /var/www/sepand-crm/vendor/laravel/framework/src/Illuminate/Filesystem/Filesystem.php(124): Illuminate\\Filesystem\\Filesystem::Illuminate\\Filesystem\\{closure}()
#5 /var/www/sepand-crm/vendor/laravel/framework/src/Illuminate/View/Engines/PhpEngine.php(58): Illuminate\\Filesystem\\Filesystem->getRequire()
#6 /var/www/sepand-crm/vendor/laravel/framework/src/Illuminate/View/Engines/CompilerEngine.php(72): Illuminate\\View\\Engines\\PhpEngine->evaluatePath()
#7 /var/www/sepand-crm/vendor/laravel/framework/src/Illuminate/View/View.php(207): Illuminate\\View\\Engines\\CompilerEngine->get()
#8 /var/www/sepand-crm/vendor/laravel/framework/src/Illuminate/View/View.php(190): Illuminate\\View\\View->getContents()
#9 /var/www/sepand-crm/vendor/laravel/framework/src/Illuminate/View/View.php(159): Illuminate\\View\\View->renderContents()
#10 /var/www/sepand-crm/Modules/Accounting/resources/views/payments/create.blade.php(54): Illuminate\\View\\View->render()
#11 /var/www/sepand-crm/vendor/laravel/framework/src/Illuminate/Filesystem/Filesystem.php(123): require('...')
#12 /var/www/sepand-crm/vendor/laravel/framework/src/Illuminate/Filesystem/Filesystem.php(124): Illuminate\\Filesystem\\Filesystem::Illuminate\\Filesystem\\{closure}()
#13 /var/www/sepand-crm/vendor/laravel/framework/src/Illuminate/View/Engines/PhpEngine.php(58): Illuminate\\Filesystem\\Filesystem->getRequire()
#14 /var/www/sepand-crm/vendor/laravel/framework/src/Illuminate/View/Engines/CompilerEngine.php(72): Illuminate\\View\\Engines\\PhpEngine->evaluatePath()
#15 /var/www/sepand-crm/vendor/laravel/framework/src/Illuminate/View/View.php(207): Illuminate\\View\\Engines\\CompilerEngine->get()
#16 /var/www/sepand-crm/vendor/laravel/framework/src/Illuminate/View/View.php(190): Illuminate\\View\\View->getContents()
#17 /var/www/sepand-crm/vendor/laravel/framework/src/Illuminate/View/View.php(159): Illuminate\\View\\View->renderContents()
#18 /var/www/sepand-crm/vendor/laravel/framework/src/Illuminate/Http/Response.php(69): Illuminate\\View\\View->render()
#19 /var/www/sepand-crm/vendor/laravel/framework/src/Illuminate/Http/Response.php(35): Illuminate\\Http\\Response->setContent()
#20 /var/www/sepand-crm/vendor/laravel/framework/src/Illuminate/Routing/Router.php(918): Illuminate\\Http\\Response->__construct()
#21 /var/www/sepand-crm/vendor/laravel/framework/src/Illuminate/Routing/Router.php(885): Illuminate\\Routing\\Router::toResponse()
#22 /var/www/sepand-crm/vendor/laravel/framework/src/Illuminate/Routing/Router.php(805): Illuminate\\Routing\\Router->prepareResponse()
#23 /var/www/sepand-crm/vendor/laravel/framework/src/Illuminate/Pipeline/Pipeline.php(144): Illuminate\\Routing\\Router->Illuminate\\Routing\\{closure}()
#24 /var/www/sepand-crm/vendor/laravel/framework/src/Illuminate/Foundation/Testing/Concerns/MakesHttpRequests.php(180): Illuminate\\Pipeline\\Pipeline->Illuminate\\Pipeline\\{closure}()
#25 /var/www/sepand-crm/vendor/laravel/framework/src/Illuminate/Pipeline/Pipeline.php(183): class@anonymous->handle()
#26 /var/www/sepand-crm/vendor/laravel/framework/src/Illuminate/Routing/Middleware/SubstituteBindings.php(50): Illuminate\\Pipeline\\Pipeline->Illuminate\\Pipeline\\{closure}()
#27 /var/www/sepand-crm/vendor/laravel/framework/src/Illuminate/Pipeline/Pipeline.php(183): Illuminate\\Routing\\Middleware\\SubstituteBindings->handle()
#28 /var/www/sepand-crm/vendor/laravel/framework/src/Illuminate/Auth/Middleware/Authenticate.php(57): Illuminate\\Pipeline\\Pipeline->Illuminate\\Pipeline\\{closure}()
#29 /var/www/sepand-crm/vendor/laravel/framework/src/Illuminate/Pipeline/Pipeline.php(183): Illuminate\\Auth\\Middleware\\Authenticate->handle()
#30 /var/www/sepand-crm/vendor/laravel/framework/src/Illuminate/Foundation/Http/Middleware/VerifyCsrfToken.php(78): Illuminate\\Pipeline\\Pipeline->Illuminate\\Pipeline\\{closure}()
#31 /var/www/sepand-crm/vendor/laravel/framework/src/Illuminate/Pipeline/Pipeline.php(183): Illuminate\\Foundation\\Http\\Middleware\\VerifyCsrfToken->handle()
#32 /var/www/sepand-crm/vendor/laravel/framework/src/Illuminate/View/Middleware/ShareErrorsFromSession.php(49): Illuminate\\Pipeline\\Pipeline->Illuminate\\Pipeline\\{closure}()
#33 /var/www/sepand-crm/vendor/laravel/framework/src/Illuminate/Pipeline/Pipeline.php(183): Illuminate\\View\\Middleware\\ShareErrorsFromSession->handle()
#34 /var/www/sepand-crm/Modules/Auth/App/Http/Middleware/EnsureScreenIsUnlocked.php(14): Illuminate\\Pipeline\\Pipeline->Illuminate\\Pipeline\\{closure}()
#35 /var/www/sepand-crm/vendor/laravel/framework/src/Illuminate/Pipeline/Pipeline.php(183): Modules\\Auth\\App\\Http\\Middleware\\EnsureScreenIsUnlocked->handle()
#36 /var/www/sepand-crm/Modules/Auth/App/Http/Middleware/EnsureUserIsActive.php(17): Illuminate\\Pipeline\\Pipeline->Illuminate\\Pipeline\\{closure}()
#37 /var/www/sepand-crm/vendor/laravel/framework/src/Illuminate/Pipeline/Pipeline.php(183): Modules\\Auth\\App\\Http\\Middleware\\EnsureUserIsActive->handle()
#38 /var/www/sepand-crm/vendor/laravel/framework/src/Illuminate/Session/Middleware/StartSession.php(121): Illuminate\\Pipeline\\Pipeline->Illuminate\\Pipeline\\{closure}()
#39 /var/www/sepand-crm/vendor/laravel/framework/src/Illuminate/Session/Middleware/StartSession.php(64): Illuminate\\Session\\Middleware\\StartSession->handleStatefulRequest()
#40 /var/www/sepand-crm/vendor/laravel/framework/src/Illuminate/Pipeline/Pipeline.php(183): Illuminate\\Session\\Middleware\\StartSession->handle()
#41 /var/www/sepand-crm/vendor/laravel/framework/src/Illuminate/Cookie/Middleware/AddQueuedCookiesToResponse.php(37): Illuminate\\Pipeline\\Pipeline->Illuminate\\Pipeline\\{closure}()
#42 /var/www/sepand-crm/vendor/laravel/framework/src/Illuminate/Pipeline/Pipeline.php(183): Illuminate\\Cookie\\Middleware\\AddQueuedCookiesToResponse->handle()
#43 /var/www/sepand-crm/vendor/laravel/framework/src/Illuminate/Cookie/Middleware/EncryptCookies.php(67): Illuminate\\Pipeline\\Pipeline->Illuminate\\Pipeline\\{closure}()
#44 /var/www/sepand-crm/vendor/laravel/framework/src/Illuminate/Pipeline/Pipeline.php(183): Illuminate\\Cookie\\Middleware\\EncryptCookies->handle()
#45 /var/www/sepand-crm/vendor/laravel/framework/src/Illuminate/Pipeline/Pipeline.php(119): Illuminate\\Pipeline\\Pipeline->Illuminate\\Pipeline\\{closure}()
#46 /var/www/sepand-crm/vendor/laravel/framework/src/Illuminate/Routing/Router.php(805): Illuminate\\Pipeline\\Pipeline->then()
#47 /var/www/sepand-crm/vendor/laravel/framework/src/Illuminate/Routing/Router.php(784): Illuminate\\Routing\\Router->runRouteWithinStack()
#48 /var/www/sepand-crm/vendor/laravel/framework/src/Illuminate/Routing/Router.php(748): Illuminate\\Routing\\Router->runRoute()
#49 /var/www/sepand-crm/vendor/laravel/framework/src/Illuminate/Routing/Router.php(737): Illuminate\\Routing\\Router->dispatchToRoute()
#50 /var/www/sepand-crm/vendor/laravel/framework/src/Illuminate/Foundation/Http/Kernel.php(200): Illuminate\\Routing\\Router->dispatch()
#51 /var/www/sepand-crm/vendor/laravel/framework/src/Illuminate/Pipeline/Pipeline.php(144): Illuminate\\Foundation\\Http\\Kernel->Illuminate\\Foundation\\Http\\{closure}()
#52 /var/www/sepand-crm/vendor/laravel/framework/src/Illuminate/Foundation/Http/Middleware/TransformsRequest.php(21): Illuminate\\Pipeline\\Pipeline->Illuminate\\Pipeline\\{closure}()
#53 /var/www/sepand-crm/vendor/laravel/framework/src/Illuminate/Foundation/Http/Middleware/ConvertEmptyStringsToNull.php(31): Illuminate\\Foundation\\Http\\Middleware\\TransformsRequest->handle()
#54 /var/www/sepand-crm/vendor/laravel/framework/src/Illuminate/Pipeline/Pipeline.php(183): Illuminate\\Foundation\\Http\\Middleware\\ConvertEmptyStringsToNull->handle()
#55 /var/www/sepand-crm/vendor/laravel/framework/src/Illuminate/Foundation/Http/Middleware/TransformsRequest.php(21): Illuminate\\Pipeline\\Pipeline->Illuminate\\Pipeline\\{closure}()
#56 /var/www/sepand-crm/vendor/laravel/framework/src/Illuminate/Foundation/Http/Middleware/TrimStrings.php(40): Illuminate\\Foundation\\Http\\Middleware\\TransformsRequest->handle()
#57 /var/www/sepand-crm/vendor/laravel/framework/src/Illuminate/Pipeline/Pipeline.php(183): Illuminate\\Foundation\\Http\\Middleware\\TrimStrings->handle()
#58 /var/www/sepand-crm/vendor/laravel/framework/src/Illuminate/Foundation/Http/Middleware/ValidatePostSize.php(27): Illuminate\\Pipeline\\Pipeline->Illuminate\\Pipeline\\{closure}()
#59 /var/www/sepand-crm/vendor/laravel/framework/src/Illuminate/Pipeline/Pipeline.php(183): Illuminate\\Foundation\\Http\\Middleware\\ValidatePostSize->handle()
#60 /var/www/sepand-crm/app/Http/Middleware/IdentifyTenant.php(28): Illuminate\\Pipeline\\Pipeline->Illuminate\\Pipeline\\{closure}()
#61 /var/www/sepand-crm/vendor/laravel/framework/src/Illuminate/Pipeline/Pipeline.php(183): App\\Http\\Middleware\\IdentifyTenant->handle()
#62 /var/www/sepand-crm/vendor/laravel/framework/src/Illuminate/Foundation/Http/Middleware/PreventRequestsDuringMaintenance.php(99): Illuminate\\Pipeline\\Pipeline->Illuminate\\Pipeline\\{closure}()
#63 /var/www/sepand-crm/vendor/laravel/framework/src/Illuminate/Pipeline/Pipeline.php(183): Illuminate\\Foundation\\Http\\Middleware\\PreventRequestsDuringMaintenance->handle()
#64 /var/www/sepand-crm/vendor/laravel/framework/src/Illuminate/Http/Middleware/HandleCors.php(49): Illuminate\\Pipeline\\Pipeline->Illuminate\\Pipeline\\{closure}()
#65 /var/www/sepand-crm/vendor/laravel/framework/src/Illuminate/Pipeline/Pipeline.php(183): Illuminate\\Http\\Middleware\\HandleCors->handle()
#66 /var/www/sepand-crm/vendor/laravel/framework/src/Illuminate/Http/Middleware/TrustProxies.php(39): Illuminate\\Pipeline\\Pipeline->Illuminate\\Pipeline\\{closure}()
#67 /var/www/sepand-crm/vendor/laravel/framework/src/Illuminate/Pipeline/Pipeline.php(183): Illuminate\\Http\\Middleware\\TrustProxies->handle()
#68 /var/www/sepand-crm/vendor/laravel/framework/src/Illuminate/Pipeline/Pipeline.php(119): Illuminate\\Pipeline\\Pipeline->Illuminate\\Pipeline\\{closure}()
#69 /var/www/sepand-crm/vendor/laravel/framework/src/Illuminate/Foundation/Http/Kernel.php(175): Illuminate\\Pipeline\\Pipeline->then()
#70 /var/www/sepand-crm/vendor/laravel/framework/src/Illuminate/Foundation/Http/Kernel.php(144): Illuminate\\Foundation\\Http\\Kernel->sendRequestThroughRouter()
#71 /var/www/sepand-crm/vendor/laravel/framework/src/Illuminate/Foundation/Testing/Concerns/MakesHttpRequests.php(585): Illuminate\\Foundation\\Http\\Kernel->handle()
#72 /var/www/sepand-crm/vendor/laravel/framework/src/Illuminate/Foundation/Testing/Concerns/MakesHttpRequests.php(346): Illuminate\\Foundation\\Testing\\TestCase->call()
#73 /var/www/sepand-crm/tests/Feature/PaymentWorkflowTest.php(159): Illuminate\\Foundation\\Testing\\TestCase->get()
#74 /var/www/sepand-crm/vendor/phpunit/phpunit/src/Framework/TestCase.php(1548): Tests\\Feature\\PaymentWorkflowTest->test_payment_request_and_list_pages_render_with_project_data()
#75 /var/www/sepand-crm/vendor/phpunit/phpunit/src/Framework/TestCase.php(686): PHPUnit\\Framework\\TestCase->runTest()
#76 /var/www/sepand-crm/vendor/phpunit/phpunit/src/Framework/TestRunner.php(106): PHPUnit\\Framework\\TestCase->runBare()
#77 /var/www/sepand-crm/vendor/phpunit/phpunit/src/Framework/TestCase.php(516): PHPUnit\\Framework\\TestRunner->run()
#78 /var/www/sepand-crm/vendor/phpunit/phpunit/src/Framework/TestSuite.php(374): PHPUnit\\Framework\\TestCase->run()
#79 /var/www/sepand-crm/vendor/phpunit/phpunit/src/Framework/TestSuite.php(374): PHPUnit\\Framework\\TestSuite->run()
#80 /var/www/sepand-crm/vendor/phpunit/phpunit/src/Framework/TestSuite.php(374): PHPUnit\\Framework\\TestSuite->run()
#81 /var/www/sepand-crm/vendor/phpunit/phpunit/src/TextUI/TestRunner.php(64): PHPUnit\\Framework\\TestSuite->run()
#82 /var/www/sepand-crm/vendor/phpunit/phpunit/src/TextUI/Application.php(204): PHPUnit\\TextUI\\TestRunner->run()
#83 /var/www/sepand-crm/vendor/phpunit/phpunit/phpunit(104): PHPUnit\\TextUI\\Application->run()
#84 {main}

[previous exception] [object] (Illuminate\\Foundation\\ViteManifestNotFoundException(code: 0): Vite manifest not found at: /var/www/sepand-crm/public/build/manifest.json at /var/www/sepand-crm/vendor/laravel/framework/src/Illuminate/Foundation/Vite.php:728)
[stacktrace]
#0 /var/www/sepand-crm/vendor/laravel/framework/src/Illuminate/Foundation/Vite.php(673): Illuminate\\Foundation\\Vite->manifest()
#1 /var/www/sepand-crm/vendor/laravel/framework/src/Illuminate/Support/Facades/Facade.php(355): Illuminate\\Foundation\\Vite->asset()
#2 /var/www/sepand-crm/storage/framework/views/d83e7ebe0216ea5b2905e7a2ccb1117d.php(189): Illuminate\\Support\\Facades\\Facade::__callStatic()
#3 /var/www/sepand-crm/vendor/laravel/framework/src/Illuminate/Filesystem/Filesystem.php(123): require('...')
#4 /var/www/sepand-crm/vendor/laravel/framework/src/Illuminate/Filesystem/Filesystem.php(124): Illuminate\\Filesystem\\Filesystem::Illuminate\\Filesystem\\{closure}()
#5 /var/www/sepand-crm/vendor/laravel/framework/src/Illuminate/View/Engines/PhpEngine.php(58): Illuminate\\Filesystem\\Filesystem->getRequire()
#6 /var/www/sepand-crm/vendor/laravel/framework/src/Illuminate/View/Engines/CompilerEngine.php(72): Illuminate\\View\\Engines\\PhpEngine->evaluatePath()
#7 /var/www/sepand-crm/vendor/laravel/framework/src/Illuminate/View/View.php(207): Illuminate\\View\\Engines\\CompilerEngine->get()
#8 /var/www/sepand-crm/vendor/laravel/framework/src/Illuminate/View/View.php(190): Illuminate\\View\\View->getContents()
#9 /var/www/sepand-crm/vendor/laravel/framework/src/Illuminate/View/View.php(159): Illuminate\\View\\View->renderContents()
#10 /var/www/sepand-crm/storage/framework/views/74b637dcc23c448108549d3d8fd8e0bb.php(63): Illuminate\\View\\View->render()
#11 /var/www/sepand-crm/vendor/laravel/framework/src/Illuminate/Filesystem/Filesystem.php(123): require('...')
#12 /var/www/sepand-crm/vendor/laravel/framework/src/Illuminate/Filesystem/Filesystem.php(124): Illuminate\\Filesystem\\Filesystem::Illuminate\\Filesystem\\{closure}()
#13 /var/www/sepand-crm/vendor/laravel/framework/src/Illuminate/View/Engines/PhpEngine.php(58): Illuminate\\Filesystem\\Filesystem->getRequire()
#14 /var/www/sepand-crm/vendor/laravel/framework/src/Illuminate/View/Engines/CompilerEngine.php(72): Illuminate\\View\\Engines\\PhpEngine->evaluatePath()
#15 /var/www/sepand-crm/vendor/laravel/framework/src/Illuminate/View/View.php(207): Illuminate\\View\\Engines\\CompilerEngine->get()
#16 /var/www/sepand-crm/vendor/laravel/framework/src/Illuminate/View/View.php(190): Illuminate\\View\\View->getContents()
#17 /var/www/sepand-crm/vendor/laravel/framework/src/Illuminate/View/View.php(159): Illuminate\\View\\View->renderContents()
#18 /var/www/sepand-crm/vendor/laravel/framework/src/Illuminate/Http/Response.php(69): Illuminate\\View\\View->render()
#19 /var/www/sepand-crm/vendor/laravel/framework/src/Illuminate/Http/Response.php(35): Illuminate\\Http\\Response->setContent()
#20 /var/www/sepand-crm/vendor/laravel/framework/src/Illuminate/Routing/Router.php(918): Illuminate\\Http\\Response->__construct()
#21 /var/www/sepand-crm/vendor/laravel/framework/src/Illuminate/Routing/Router.php(885): Illuminate\\Routing\\Router::toResponse()
#22 /var/www/sepand-crm/vendor/laravel/framework/src/Illuminate/Routing/Router.php(805): Illuminate\\Routing\\Router->prepareResponse()
#23 /var/www/sepand-crm/vendor/laravel/framework/src/Illuminate/Pipeline/Pipeline.php(144): Illuminate\\Routing\\Router->Illuminate\\Routing\\{closure}()
#24 /var/www/sepand-crm/vendor/laravel/framework/src/Illuminate/Foundation/Testing/Concerns/MakesHttpRequests.php(180): Illuminate\\Pipeline\\Pipeline->Illuminate\\Pipeline\\{closure}()
#25 /var/www/sepand-crm/vendor/laravel/framework/src/Illuminate/Pipeline/Pipeline.php(183): class@anonymous->handle()
#26 /var/www/sepand-crm/vendor/laravel/framework/src/Illuminate/Routing/Middleware/SubstituteBindings.php(50): Illuminate\\Pipeline\\Pipeline->Illuminate\\Pipeline\\{closure}()
#27 /var/www/sepand-crm/vendor/laravel/framework/src/Illuminate/Pipeline/Pipeline.php(183): Illuminate\\Routing\\Middleware\\SubstituteBindings->handle()
#28 /var/www/sepand-crm/vendor/laravel/framework/src/Illuminate/Auth/Middleware/Authenticate.php(57): Illuminate\\Pipeline\\Pipeline->Illuminate\\Pipeline\\{closure}()
#29 /var/www/sepand-crm/vendor/laravel/framework/src/Illuminate/Pipeline/Pipeline.php(183): Illuminate\\Auth\\Middleware\\Authenticate->handle()
#30 /var/www/sepand-crm/vendor/laravel/framework/src/Illuminate/Foundation/Http/Middleware/VerifyCsrfToken.php(78): Illuminate\\Pipeline\\Pipeline->Illuminate\\Pipeline\\{closure}()
#31 /var/www/sepand-crm/vendor/laravel/framework/src/Illuminate/Pipeline/Pipeline.php(183): Illuminate\\Foundation\\Http\\Middleware\\VerifyCsrfToken->handle()
#32 /var/www/sepand-crm/vendor/laravel/framework/src/Illuminate/View/Middleware/ShareErrorsFromSession.php(49): Illuminate\\Pipeline\\Pipeline->Illuminate\\Pipeline\\{closure}()
#33 /var/www/sepand-crm/vendor/laravel/framework/src/Illuminate/Pipeline/Pipeline.php(183): Illuminate\\View\\Middleware\\ShareErrorsFromSession->handle()
#34 /var/www/sepand-crm/Modules/Auth/App/Http/Middleware/EnsureScreenIsUnlocked.php(14): Illuminate\\Pipeline\\Pipeline->Illuminate\\Pipeline\\{closure}()
#35 /var/www/sepand-crm/vendor/laravel/framework/src/Illuminate/Pipeline/Pipeline.php(183): Modules\\Auth\\App\\Http\\Middleware\\EnsureScreenIsUnlocked->handle()
#36 /var/www/sepand-crm/Modules/Auth/App/Http/Middleware/EnsureUserIsActive.php(17): Illuminate\\Pipeline\\Pipeline->Illuminate\\Pipeline\\{closure}()
#37 /var/www/sepand-crm/vendor/laravel/framework/src/Illuminate/Pipeline/Pipeline.php(183): Modules\\Auth\\App\\Http\\Middleware\\EnsureUserIsActive->handle()
#38 /var/www/sepand-crm/vendor/laravel/framework/src/Illuminate/Session/Middleware/StartSession.php(121): Illuminate\\Pipeline\\Pipeline->Illuminate\\Pipeline\\{closure}()
#39 /var/www/sepand-crm/vendor/laravel/framework/src/Illuminate/Session/Middleware/StartSession.php(64): Illuminate\\Session\\Middleware\\StartSession->handleStatefulRequest()
#40 /var/www/sepand-crm/vendor/laravel/framework/src/Illuminate/Pipeline/Pipeline.php(183): Illuminate\\Session\\Middleware\\StartSession->handle()
#41 /var/www/sepand-crm/vendor/laravel/framework/src/Illuminate/Cookie/Middleware/AddQueuedCookiesToResponse.php(37): Illuminate\\Pipeline\\Pipeline->Illuminate\\Pipeline\\{closure}()
#42 /var/www/sepand-crm/vendor/laravel/framework/src/Illuminate/Pipeline/Pipeline.php(183): Illuminate\\Cookie\\Middleware\\AddQueuedCookiesToResponse->handle()
#43 /var/www/sepand-crm/vendor/laravel/framework/src/Illuminate/Cookie/Middleware/EncryptCookies.php(67): Illuminate\\Pipeline\\Pipeline->Illuminate\\Pipeline\\{closure}()
#44 /var/www/sepand-crm/vendor/laravel/framework/src/Illuminate/Pipeline/Pipeline.php(183): Illuminate\\Cookie\\Middleware\\EncryptCookies->handle()
#45 /var/www/sepand-crm/vendor/laravel/framework/src/Illuminate/Pipeline/Pipeline.php(119): Illuminate\\Pipeline\\Pipeline->Illuminate\\Pipeline\\{closure}()
#46 /var/www/sepand-crm/vendor/laravel/framework/src/Illuminate/Routing/Router.php(805): Illuminate\\Pipeline\\Pipeline->then()
#47 /var/www/sepand-crm/vendor/laravel/framework/src/Illuminate/Routing/Router.php(784): Illuminate\\Routing\\Router->runRouteWithinStack()
#48 /var/www/sepand-crm/vendor/laravel/framework/src/Illuminate/Routing/Router.php(748): Illuminate\\Routing\\Router->runRoute()
#49 /var/www/sepand-crm/vendor/laravel/framework/src/Illuminate/Routing/Router.php(737): Illuminate\\Routing\\Router->dispatchToRoute()
#50 /var/www/sepand-crm/vendor/laravel/framework/src/Illuminate/Foundation/Http/Kernel.php(200): Illuminate\\Routing\\Router->dispatch()
#51 /var/www/sepand-crm/vendor/laravel/framework/src/Illuminate/Pipeline/Pipeline.php(144): Illuminate\\Foundation\\Http\\Kernel->Illuminate\\Foundation\\Http\\{closure}()
#52 /var/www/sepand-crm/vendor/laravel/framework/src/Illuminate/Foundation/Http/Middleware/TransformsRequest.php(21): Illuminate\\Pipeline\\Pipeline->Illuminate\\Pipeline\\{closure}()
#53 /var/www/sepand-crm/vendor/laravel/framework/src/Illuminate/Foundation/Http/Middleware/ConvertEmptyStringsToNull.php(31): Illuminate\\Foundation\\Http\\Middleware\\TransformsRequest->handle()
#54 /var/www/sepand-crm/vendor/laravel/framework/src/Illuminate/Pipeline/Pipeline.php(183): Illuminate\\Foundation\\Http\\Middleware\\ConvertEmptyStringsToNull->handle()
#55 /var/www/sepand-crm/vendor/laravel/framework/src/Illuminate/Foundation/Http/Middleware/TransformsRequest.php(21): Illuminate\\Pipeline\\Pipeline->Illuminate\\Pipeline\\{closure}()
#56 /var/www/sepand-crm/vendor/laravel/framework/src/Illuminate/Foundation/Http/Middleware/TrimStrings.php(40): Illuminate\\Foundation\\Http\\Middleware\\TransformsRequest->handle()
#57 /var/www/sepand-crm/vendor/laravel/framework/src/Illuminate/Pipeline/Pipeline.php(183): Illuminate\\Foundation\\Http\\Middleware\\TrimStrings->handle()
#58 /var/www/sepand-crm/vendor/laravel/framework/src/Illuminate/Foundation/Http/Middleware/ValidatePostSize.php(27): Illuminate\\Pipeline\\Pipeline->Illuminate\\Pipeline\\{closure}()
#59 /var/www/sepand-crm/vendor/laravel/framework/src/Illuminate/Pipeline/Pipeline.php(183): Illuminate\\Foundation\\Http\\Middleware\\ValidatePostSize->handle()
#60 /var/www/sepand-crm/app/Http/Middleware/IdentifyTenant.php(28): Illuminate\\Pipeline\\Pipeline->Illuminate\\Pipeline\\{closure}()
#61 /var/www/sepand-crm/vendor/laravel/framework/src/Illuminate/Pipeline/Pipeline.php(183): App\\Http\\Middleware\\IdentifyTenant->handle()
#62 /var/www/sepand-crm/vendor/laravel/framework/src/Illuminate/Foundation/Http/Middleware/PreventRequestsDuringMaintenance.php(99): Illuminate\\Pipeline\\Pipeline->Illuminate\\Pipeline\\{closure}()
#63 /var/www/sepand-crm/vendor/laravel/framework/src/Illuminate/Pipeline/Pipeline.php(183): Illuminate\\Foundation\\Http\\Middleware\\PreventRequestsDuringMaintenance->handle()
#64 /var/www/sepand-crm/vendor/laravel/framework/src/Illuminate/Http/Middleware/HandleCors.php(49): Illuminate\\Pipeline\\Pipeline->Illuminate\\Pipeline\\{closure}()
#65 /var/www/sepand-crm/vendor/laravel/framework/src/Illuminate/Pipeline/Pipeline.php(183): Illuminate\\Http\\Middleware\\HandleCors->handle()
#66 /var/www/sepand-crm/vendor/laravel/framework/src/Illuminate/Http/Middleware/TrustProxies.php(39): Illuminate\\Pipeline\\Pipeline->Illuminate\\Pipeline\\{closure}()
#67 /var/www/sepand-crm/vendor/laravel/framework/src/Illuminate/Pipeline/Pipeline.php(183): Illuminate\\Http\\Middleware\\TrustProxies->handle()
#68 /var/www/sepand-crm/vendor/laravel/framework/src/Illuminate/Pipeline/Pipeline.php(119): Illuminate\\Pipeline\\Pipeline->Illuminate\\Pipeline\\{closure}()
#69 /var/www/sepand-crm/vendor/laravel/framework/src/Illuminate/Foundation/Http/Kernel.php(175): Illuminate\\Pipeline\\Pipeline->then()
#70 /var/www/sepand-crm/vendor/laravel/framework/src/Illuminate/Foundation/Http/Kernel.php(144): Illuminate\\Foundation\\Http\\Kernel->sendRequestThroughRouter()
#71 /var/www/sepand-crm/vendor/laravel/framework/src/Illuminate/Foundation/Testing/Concerns/MakesHttpRequests.php(585): Illuminate\\Foundation\\Http\\Kernel->handle()
#72 /var/www/sepand-crm/vendor/laravel/framework/src/Illuminate/Foundation/Testing/Concerns/MakesHttpRequests.php(346): Illuminate\\Foundation\\Testing\\TestCase->call()
#73 /var/www/sepand-crm/tests/Feature/PaymentWorkflowTest.php(159): Illuminate\\Foundation\\Testing\\TestCase->get()
#74 /var/www/sepand-crm/vendor/phpunit/phpunit/src/Framework/TestCase.php(1548): Tests\\Feature\\PaymentWorkflowTest->test_payment_request_and_list_pages_render_with_project_data()
#75 /var/www/sepand-crm/vendor/phpunit/phpunit/src/Framework/TestCase.php(686): PHPUnit\\Framework\\TestCase->runTest()
#76 /var/www/sepand-crm/vendor/phpunit/phpunit/src/Framework/TestRunner.php(106): PHPUnit\\Framework\\TestCase->runBare()
#77 /var/www/sepand-crm/vendor/phpunit/phpunit/src/Framework/TestCase.php(516): PHPUnit\\Framework\\TestRunner->run()
#78 /var/www/sepand-crm/vendor/phpunit/phpunit/src/Framework/TestSuite.php(374): PHPUnit\\Framework\\TestCase->run()
#79 /var/www/sepand-crm/vendor/phpunit/phpunit/src/Framework/TestSuite.php(374): PHPUnit\\Framework\\TestSuite->run()
#80 /var/www/sepand-crm/vendor/phpunit/phpunit/src/Framework/TestSuite.php(374): PHPUnit\\Framework\\TestSuite->run()
#81 /var/www/sepand-crm/vendor/phpunit/phpunit/src/TextUI/TestRunner.php(64): PHPUnit\\Framework\\TestSuite->run()
#82 /var/www/sepand-crm/vendor/phpunit/phpunit/src/TextUI/Application.php(204): PHPUnit\\TextUI\\TestRunner->run()
#83 /var/www/sepand-crm/vendor/phpunit/phpunit/phpunit(104): PHPUnit\\TextUI\\Application->run()
#84 {main}
"} 
[2026-07-17 20:02:51] testing.ERROR: Vite manifest not found at: /var/www/sepand-crm/public/build/manifest.json {"view":{"view":"/var/www/sepand-crm/Modules/Accounting/resources/views/payments/_fields.blade.php","data":[]},"userId":"a2486775-93dd-487e-8083-a260337d593b","exception":"[object] (Spatie\\LaravelIgnition\\Exceptions\\ViewException(code: 0): Vite manifest not found at: /var/www/sepand-crm/public/build/manifest.json at /var/www/sepand-crm/vendor/laravel/framework/src/Illuminate/Foundation/Vite.php:728)
[stacktrace]
#0 /var/www/sepand-crm/vendor/laravel/framework/src/Illuminate/Foundation/Vite.php(673): Illuminate\\Foundation\\Vite->manifest()
#1 /var/www/sepand-crm/vendor/laravel/framework/src/Illuminate/Support/Facades/Facade.php(355): Illuminate\\Foundation\\Vite->asset()
#2 /var/www/sepand-crm/Modules/Accounting/resources/views/payments/_fields.blade.php(124): Illuminate\\Support\\Facades\\Facade::__callStatic()
#3 /var/www/sepand-crm/vendor/laravel/framework/src/Illuminate/Filesystem/Filesystem.php(123): require('...')
#4 /var/www/sepand-crm/vendor/laravel/framework/src/Illuminate/Filesystem/Filesystem.php(124): Illuminate\\Filesystem\\Filesystem::Illuminate\\Filesystem\\{closure}()
#5 /var/www/sepand-crm/vendor/laravel/framework/src/Illuminate/View/Engines/PhpEngine.php(58): Illuminate\\Filesystem\\Filesystem->getRequire()
#6 /var/www/sepand-crm/vendor/laravel/framework/src/Illuminate/View/Engines/CompilerEngine.php(72): Illuminate\\View\\Engines\\PhpEngine->evaluatePath()
#7 /var/www/sepand-crm/vendor/laravel/framework/src/Illuminate/View/View.php(207): Illuminate\\View\\Engines\\CompilerEngine->get()
#8 /var/www/sepand-crm/vendor/laravel/framework/src/Illuminate/View/View.php(190): Illuminate\\View\\View->getContents()
#9 /var/www/sepand-crm/vendor/laravel/framework/src/Illuminate/View/View.php(159): Illuminate\\View\\View->renderContents()
#10 /var/www/sepand-crm/Modules/Accounting/resources/views/payments/operation-panel.blade.php(103): Illuminate\\View\\View->render()
#11 /var/www/sepand-crm/vendor/laravel/framework/src/Illuminate/Filesystem/Filesystem.php(123): require('...')
#12 /var/www/sepand-crm/vendor/laravel/framework/src/Illuminate/Filesystem/Filesystem.php(124): Illuminate\\Filesystem\\Filesystem::Illuminate\\Filesystem\\{closure}()
#13 /var/www/sepand-crm/vendor/laravel/framework/src/Illuminate/View/Engines/PhpEngine.php(58): Illuminate\\Filesystem\\Filesystem->getRequire()
#14 /var/www/sepand-crm/vendor/laravel/framework/src/Illuminate/View/Engines/CompilerEngine.php(72): Illuminate\\View\\Engines\\PhpEngine->evaluatePath()
#15 /var/www/sepand-crm/vendor/laravel/framework/src/Illuminate/View/View.php(207): Illuminate\\View\\Engines\\CompilerEngine->get()
#16 /var/www/sepand-crm/vendor/laravel/framework/src/Illuminate/View/View.php(190): Illuminate\\View\\View->getContents()
#17 /var/www/sepand-crm/vendor/laravel/framework/src/Illuminate/View/View.php(159): Illuminate\\View\\View->renderContents()
#18 /var/www/sepand-crm/Modules/Operation/resources/views/show.blade.php(905): Illuminate\\View\\View->render()
#19 /var/www/sepand-crm/vendor/laravel/framework/src/Illuminate/Filesystem/Filesystem.php(123): require('...')
#20 /var/www/sepand-crm/vendor/laravel/framework/src/Illuminate/Filesystem/Filesystem.php(124): Illuminate\\Filesystem\\Filesystem::Illuminate\\Filesystem\\{closure}()
#21 /var/www/sepand-crm/vendor/laravel/framework/src/Illuminate/View/Engines/PhpEngine.php(58): Illuminate\\Filesystem\\Filesystem->getRequire()
#22 /var/www/sepand-crm/vendor/laravel/framework/src/Illuminate/View/Engines/CompilerEngine.php(72): Illuminate\\View\\Engines\\PhpEngine->evaluatePath()
#23 /var/www/sepand-crm/vendor/laravel/framework/src/Illuminate/View/View.php(207): Illuminate\\View\\Engines\\CompilerEngine->get()
#24 /var/www/sepand-crm/vendor/laravel/framework/src/Illuminate/View/View.php(190): Illuminate\\View\\View->getContents()
#25 /var/www/sepand-crm/vendor/laravel/framework/src/Illuminate/View/View.php(159): Illuminate\\View\\View->renderContents()
#26 /var/www/sepand-crm/vendor/laravel/framework/src/Illuminate/Http/Response.php(69): Illuminate\\View\\View->render()
#27 /var/www/sepand-crm/vendor/laravel/framework/src/Illuminate/Http/Response.php(35): Illuminate\\Http\\Response->setContent()
#28 /var/www/sepand-crm/vendor/laravel/framework/src/Illuminate/Routing/Router.php(918): Illuminate\\Http\\Response->__construct()
#29 /var/www/sepand-crm/vendor/laravel/framework/src/Illuminate/Routing/Router.php(885): Illuminate\\Routing\\Router::toResponse()
#30 /var/www/sepand-crm/vendor/laravel/framework/src/Illuminate/Routing/Router.php(805): Illuminate\\Routing\\Router->prepareResponse()
#31 /var/www/sepand-crm/vendor/laravel/framework/src/Illuminate/Pipeline/Pipeline.php(144): Illuminate\\Routing\\Router->Illuminate\\Routing\\{closure}()
#32 /var/www/sepand-crm/vendor/laravel/framework/src/Illuminate/Foundation/Testing/Concerns/MakesHttpRequests.php(180): Illuminate\\Pipeline\\Pipeline->Illuminate\\Pipeline\\{closure}()
#33 /var/www/sepand-crm/vendor/laravel/framework/src/Illuminate/Pipeline/Pipeline.php(183): class@anonymous->handle()
#34 /var/www/sepand-crm/vendor/laravel/framework/src/Illuminate/Routing/Middleware/SubstituteBindings.php(50): Illuminate\\Pipeline\\Pipeline->Illuminate\\Pipeline\\{closure}()
#35 /var/www/sepand-crm/vendor/laravel/framework/src/Illuminate/Pipeline/Pipeline.php(183): Illuminate\\Routing\\Middleware\\SubstituteBindings->handle()
#36 /var/www/sepand-crm/vendor/laravel/framework/src/Illuminate/Auth/Middleware/Authenticate.php(57): Illuminate\\Pipeline\\Pipeline->Illuminate\\Pipeline\\{closure}()
#37 /var/www/sepand-crm/vendor/laravel/framework/src/Illuminate/Pipeline/Pipeline.php(183): Illuminate\\Auth\\Middleware\\Authenticate->handle()
#38 /var/www/sepand-crm/vendor/laravel/framework/src/Illuminate/Foundation/Http/Middleware/VerifyCsrfToken.php(78): Illuminate\\Pipeline\\Pipeline->Illuminate\\Pipeline\\{closure}()
#39 /var/www/sepand-crm/vendor/laravel/framework/src/Illuminate/Pipeline/Pipeline.php(183): Illuminate\\Foundation\\Http\\Middleware\\VerifyCsrfToken->handle()
#40 /var/www/sepand-crm/vendor/laravel/framework/src/Illuminate/View/Middleware/ShareErrorsFromSession.php(49): Illuminate\\Pipeline\\Pipeline->Illuminate\\Pipeline\\{closure}()
#41 /var/www/sepand-crm/vendor/laravel/framework/src/Illuminate/Pipeline/Pipeline.php(183): Illuminate\\View\\Middleware\\ShareErrorsFromSession->handle()
#42 /var/www/sepand-crm/Modules/Auth/App/Http/Middleware/EnsureScreenIsUnlocked.php(14): Illuminate\\Pipeline\\Pipeline->Illuminate\\Pipeline\\{closure}()
#43 /var/www/sepand-crm/vendor/laravel/framework/src/Illuminate/Pipeline/Pipeline.php(183): Modules\\Auth\\App\\Http\\Middleware\\EnsureScreenIsUnlocked->handle()
#44 /var/www/sepand-crm/Modules/Auth/App/Http/Middleware/EnsureUserIsActive.php(17): Illuminate\\Pipeline\\Pipeline->Illuminate\\Pipeline\\{closure}()
#45 /var/www/sepand-crm/vendor/laravel/framework/src/Illuminate/Pipeline/Pipeline.php(183): Modules\\Auth\\App\\Http\\Middleware\\EnsureUserIsActive->handle()
#46 /var/www/sepand-crm/vendor/laravel/framework/src/Illuminate/Session/Middleware/StartSession.php(121): Illuminate\\Pipeline\\Pipeline->Illuminate\\Pipeline\\{closure}()
#47 /var/www/sepand-crm/vendor/laravel/framework/src/Illuminate/Session/Middleware/StartSession.php(64): Illuminate\\Session\\Middleware\\StartSession->handleStatefulRequest()
#48 /var/www/sepand-crm/vendor/laravel/framework/src/Illuminate/Pipeline/Pipeline.php(183): Illuminate\\Session\\Middleware\\StartSession->handle()
#49 /var/www/sepand-crm/vendor/laravel/framework/src/Illuminate/Cookie/Middleware/AddQueuedCookiesToResponse.php(37): Illuminate\\Pipeline\\Pipeline->Illuminate\\Pipeline\\{closure}()
#50 /var/www/sepand-crm/vendor/laravel/framework/src/Illuminate/Pipeline/Pipeline.php(183): Illuminate\\Cookie\\Middleware\\AddQueuedCookiesToResponse->handle()
#51 /var/www/sepand-crm/vendor/laravel/framework/src/Illuminate/Cookie/Middleware/EncryptCookies.php(67): Illuminate\\Pipeline\\Pipeline->Illuminate\\Pipeline\\{closure}()
#52 /var/www/sepand-crm/vendor/laravel/framework/src/Illuminate/Pipeline/Pipeline.php(183): Illuminate\\Cookie\\Middleware\\EncryptCookies->handle()
#53 /var/www/sepand-crm/vendor/laravel/framework/src/Illuminate/Pipeline/Pipeline.php(119): Illuminate\\Pipeline\\Pipeline->Illuminate\\Pipeline\\{closure}()
#54 /var/www/sepand-crm/vendor/laravel/framework/src/Illuminate/Routing/Router.php(805): Illuminate\\Pipeline\\Pipeline->then()
#55 /var/www/sepand-crm/vendor/laravel/framework/src/Illuminate/Routing/Router.php(784): Illuminate\\Routing\\Router->runRouteWithinStack()
#56 /var/www/sepand-crm/vendor/laravel/framework/src/Illuminate/Routing/Router.php(748): Illuminate\\Routing\\Router->runRoute()
#57 /var/www/sepand-crm/vendor/laravel/framework/src/Illuminate/Routing/Router.php(737): Illuminate\\Routing\\Router->dispatchToRoute()
#58 /var/www/sepand-crm/vendor/laravel/framework/src/Illuminate/Foundation/Http/Kernel.php(200): Illuminate\\Routing\\Router->dispatch()
#59 /var/www/sepand-crm/vendor/laravel/framework/src/Illuminate/Pipeline/Pipeline.php(144): Illuminate\\Foundation\\Http\\Kernel->Illuminate\\Foundation\\Http\\{closure}()
#60 /var/www/sepand-crm/vendor/laravel/framework/src/Illuminate/Foundation/Http/Middleware/TransformsRequest.php(21): Illuminate\\Pipeline\\Pipeline->Illuminate\\Pipeline\\{closure}()
#61 /var/www/sepand-crm/vendor/laravel/framework/src/Illuminate/Foundation/Http/Middleware/ConvertEmptyStringsToNull.php(31): Illuminate\\Foundation\\Http\\Middleware\\TransformsRequest->handle()
#62 /var/www/sepand-crm/vendor/laravel/framework/src/Illuminate/Pipeline/Pipeline.php(183): Illuminate\\Foundation\\Http\\Middleware\\ConvertEmptyStringsToNull->handle()
#63 /var/www/sepand-crm/vendor/laravel/framework/src/Illuminate/Foundation/Http/Middleware/TransformsRequest.php(21): Illuminate\\Pipeline\\Pipeline->Illuminate\\Pipeline\\{closure}()
#64 /var/www/sepand-crm/vendor/laravel/framework/src/Illuminate/Foundation/Http/Middleware/TrimStrings.php(40): Illuminate\\Foundation\\Http\\Middleware\\TransformsRequest->handle()
#65 /var/www/sepand-crm/vendor/laravel/framework/src/Illuminate/Pipeline/Pipeline.php(183): Illuminate\\Foundation\\Http\\Middleware\\TrimStrings->handle()
#66 /var/www/sepand-crm/vendor/laravel/framework/src/Illuminate/Foundation/Http/Middleware/ValidatePostSize.php(27): Illuminate\\Pipeline\\Pipeline->Illuminate\\Pipeline\\{closure}()
#67 /var/www/sepand-crm/vendor/laravel/framework/src/Illuminate/Pipeline/Pipeline.php(183): Illuminate\\Foundation\\Http\\Middleware\\ValidatePostSize->handle()
#68 /var/www/sepand-crm/app/Http/Middleware/IdentifyTenant.php(28): Illuminate\\Pipeline\\Pipeline->Illuminate\\Pipeline\\{closure}()
#69 /var/www/sepand-crm/vendor/laravel/framework/src/Illuminate/Pipeline/Pipeline.php(183): App\\Http\\Middleware\\IdentifyTenant->handle()
#70 /var/www/sepand-crm/vendor/laravel/framework/src/Illuminate/Foundation/Http/Middleware/PreventRequestsDuringMaintenance.php(99): Illuminate\\Pipeline\\Pipeline->Illuminate\\Pipeline\\{closure}()
#71 /var/www/sepand-crm/vendor/laravel/framework/src/Illuminate/Pipeline/Pipeline.php(183): Illuminate\\Foundation\\Http\\Middleware\\PreventRequestsDuringMaintenance->handle()
#72 /var/www/sepand-crm/vendor/laravel/framework/src/Illuminate/Http/Middleware/HandleCors.php(49): Illuminate\\Pipeline\\Pipeline->Illuminate\\Pipeline\\{closure}()
#73 /var/www/sepand-crm/vendor/laravel/framework/src/Illuminate/Pipeline/Pipeline.php(183): Illuminate\\Http\\Middleware\\HandleCors->handle()
#74 /var/www/sepand-crm/vendor/laravel/framework/src/Illuminate/Http/Middleware/TrustProxies.php(39): Illuminate\\Pipeline\\Pipeline->Illuminate\\Pipeline\\{closure}()
#75 /var/www/sepand-crm/vendor/laravel/framework/src/Illuminate/Pipeline/Pipeline.php(183): Illuminate\\Http\\Middleware\\TrustProxies->handle()
#76 /var/www/sepand-crm/vendor/laravel/framework/src/Illuminate/Pipeline/Pipeline.php(119): Illuminate\\Pipeline\\Pipeline->Illuminate\\Pipeline\\{closure}()
#77 /var/www/sepand-crm/vendor/laravel/framework/src/Illuminate/Foundation/Http/Kernel.php(175): Illuminate\\Pipeline\\Pipeline->then()
#78 /var/www/sepand-crm/vendor/laravel/framework/src/Illuminate/Foundation/Http/Kernel.php(144): Illuminate\\Foundation\\Http\\Kernel->sendRequestThroughRouter()
#79 /var/www/sepand-crm/vendor/laravel/framework/src/Illuminate/Foundation/Testing/Concerns/MakesHttpRequests.php(585): Illuminate\\Foundation\\Http\\Kernel->handle()
#80 /var/www/sepand-crm/vendor/laravel/framework/src/Illuminate/Foundation/Testing/Concerns/MakesHttpRequests.php(346): Illuminate\\Foundation\\Testing\\TestCase->call()
#81 /var/www/sepand-crm/tests/Feature/PaymentWorkflowTest.php(206): Illuminate\\Foundation\\Testing\\TestCase->get()
#82 /var/www/sepand-crm/vendor/phpunit/phpunit/src/Framework/TestCase.php(1548): Tests\\Feature\\PaymentWorkflowTest->test_authorized_operation_page_contains_the_financial_panel()
#83 /var/www/sepand-crm/vendor/phpunit/phpunit/src/Framework/TestCase.php(686): PHPUnit\\Framework\\TestCase->runTest()
#84 /var/www/sepand-crm/vendor/phpunit/phpunit/src/Framework/TestRunner.php(106): PHPUnit\\Framework\\TestCase->runBare()
#85 /var/www/sepand-crm/vendor/phpunit/phpunit/src/Framework/TestCase.php(516): PHPUnit\\Framework\\TestRunner->run()
#86 /var/www/sepand-crm/vendor/phpunit/phpunit/src/Framework/TestSuite.php(374): PHPUnit\\Framework\\TestCase->run()
#87 /var/www/sepand-crm/vendor/phpunit/phpunit/src/Framework/TestSuite.php(374): PHPUnit\\Framework\\TestSuite->run()
#88 /var/www/sepand-crm/vendor/phpunit/phpunit/src/Framework/TestSuite.php(374): PHPUnit\\Framework\\TestSuite->run()
#89 /var/www/sepand-crm/vendor/phpunit/phpunit/src/TextUI/TestRunner.php(64): PHPUnit\\Framework\\TestSuite->run()
#90 /var/www/sepand-crm/vendor/phpunit/phpunit/src/TextUI/Application.php(204): PHPUnit\\TextUI\\TestRunner->run()
#91 /var/www/sepand-crm/vendor/phpunit/phpunit/phpunit(104): PHPUnit\\TextUI\\Application->run()
#92 {main}

[previous exception] [object] (Illuminate\\Foundation\\ViteManifestNotFoundException(code: 0): Vite manifest not found at: /var/www/sepand-crm/public/build/manifest.json at /var/www/sepand-crm/vendor/laravel/framework/src/Illuminate/Foundation/Vite.php:728)
[stacktrace]
#0 /var/www/sepand-crm/vendor/laravel/framework/src/Illuminate/Foundation/Vite.php(673): Illuminate\\Foundation\\Vite->manifest()
#1 /var/www/sepand-crm/vendor/laravel/framework/src/Illuminate/Support/Facades/Facade.php(355): Illuminate\\Foundation\\Vite->asset()
#2 /var/www/sepand-crm/storage/framework/views/d83e7ebe0216ea5b2905e7a2ccb1117d.php(189): Illuminate\\Support\\Facades\\Facade::__callStatic()
#3 /var/www/sepand-crm/vendor/laravel/framework/src/Illuminate/Filesystem/Filesystem.php(123): require('...')
#4 /var/www/sepand-crm/vendor/laravel/framework/src/Illuminate/Filesystem/Filesystem.php(124): Illuminate\\Filesystem\\Filesystem::Illuminate\\Filesystem\\{closure}()
#5 /var/www/sepand-crm/vendor/laravel/framework/src/Illuminate/View/Engines/PhpEngine.php(58): Illuminate\\Filesystem\\Filesystem->getRequire()
#6 /var/www/sepand-crm/vendor/laravel/framework/src/Illuminate/View/Engines/CompilerEngine.php(72): Illuminate\\View\\Engines\\PhpEngine->evaluatePath()
#7 /var/www/sepand-crm/vendor/laravel/framework/src/Illuminate/View/View.php(207): Illuminate\\View\\Engines\\CompilerEngine->get()
#8 /var/www/sepand-crm/vendor/laravel/framework/src/Illuminate/View/View.php(190): Illuminate\\View\\View->getContents()
#9 /var/www/sepand-crm/vendor/laravel/framework/src/Illuminate/View/View.php(159): Illuminate\\View\\View->renderContents()
#10 /var/www/sepand-crm/storage/framework/views/467632f01115bfb2bd1a46a045e46bba.php(103): Illuminate\\View\\View->render()
#11 /var/www/sepand-crm/vendor/laravel/framework/src/Illuminate/Filesystem/Filesystem.php(123): require('...')
#12 /var/www/sepand-crm/vendor/laravel/framework/src/Illuminate/Filesystem/Filesystem.php(124): Illuminate\\Filesystem\\Filesystem::Illuminate\\Filesystem\\{closure}()
#13 /var/www/sepand-crm/vendor/laravel/framework/src/Illuminate/View/Engines/PhpEngine.php(58): Illuminate\\Filesystem\\Filesystem->getRequire()
#14 /var/www/sepand-crm/vendor/laravel/framework/src/Illuminate/View/Engines/CompilerEngine.php(72): Illuminate\\View\\Engines\\PhpEngine->evaluatePath()
#15 /var/www/sepand-crm/vendor/laravel/framework/src/Illuminate/View/View.php(207): Illuminate\\View\\Engines\\CompilerEngine->get()
#16 /var/www/sepand-crm/vendor/laravel/framework/src/Illuminate/View/View.php(190): Illuminate\\View\\View->getContents()
#17 /var/www/sepand-crm/vendor/laravel/framework/src/Illuminate/View/View.php(159): Illuminate\\View\\View->renderContents()
#18 /var/www/sepand-crm/storage/framework/views/8f791365e2e2112d31492f8edfe56bcc.php(1026): Illuminate\\View\\View->render()
#19 /var/www/sepand-crm/vendor/laravel/framework/src/Illuminate/Filesystem/Filesystem.php(123): require('...')
#20 /var/www/sepand-crm/vendor/laravel/framework/src/Illuminate/Filesystem/Filesystem.php(124): Illuminate\\Filesystem\\Filesystem::Illuminate\\Filesystem\\{closure}()
#21 /var/www/sepand-crm/vendor/laravel/framework/src/Illuminate/View/Engines/PhpEngine.php(58): Illuminate\\Filesystem\\Filesystem->getRequire()
#22 /var/www/sepand-crm/vendor/laravel/framework/src/Illuminate/View/Engines/CompilerEngine.php(72): Illuminate\\View\\Engines\\PhpEngine->evaluatePath()
#23 /var/www/sepand-crm/vendor/laravel/framework/src/Illuminate/View/View.php(207): Illuminate\\View\\Engines\\CompilerEngine->get()
#24 /var/www/sepand-crm/vendor/laravel/framework/src/Illuminate/View/View.php(190): Illuminate\\View\\View->getContents()
#25 /var/www/sepand-crm/vendor/laravel/framework/src/Illuminate/View/View.php(159): Illuminate\\View\\View->renderContents()
#26 /var/www/sepand-crm/vendor/laravel/framework/src/Illuminate/Http/Response.php(69): Illuminate\\View\\View->render()
#27 /var/www/sepand-crm/vendor/laravel/framework/src/Illuminate/Http/Response.php(35): Illuminate\\Http\\Response->setContent()
#28 /var/www/sepand-crm/vendor/laravel/framework/src/Illuminate/Routing/Router.php(918): Illuminate\\Http\\Response->__construct()
#29 /var/www/sepand-crm/vendor/laravel/framework/src/Illuminate/Routing/Router.php(885): Illuminate\\Routing\\Router::toResponse()
#30 /var/www/sepand-crm/vendor/laravel/framework/src/Illuminate/Routing/Router.php(805): Illuminate\\Routing\\Router->prepareResponse()
#31 /var/www/sepand-crm/vendor/laravel/framework/src/Illuminate/Pipeline/Pipeline.php(144): Illuminate\\Routing\\Router->Illuminate\\Routing\\{closure}()
#32 /var/www/sepand-crm/vendor/laravel/framework/src/Illuminate/Foundation/Testing/Concerns/MakesHttpRequests.php(180): Illuminate\\Pipeline\\Pipeline->Illuminate\\Pipeline\\{closure}()
#33 /var/www/sepand-crm/vendor/laravel/framework/src/Illuminate/Pipeline/Pipeline.php(183): class@anonymous->handle()
#34 /var/www/sepand-crm/vendor/laravel/framework/src/Illuminate/Routing/Middleware/SubstituteBindings.php(50): Illuminate\\Pipeline\\Pipeline->Illuminate\\Pipeline\\{closure}()
#35 /var/www/sepand-crm/vendor/laravel/framework/src/Illuminate/Pipeline/Pipeline.php(183): Illuminate\\Routing\\Middleware\\SubstituteBindings->handle()
#36 /var/www/sepand-crm/vendor/laravel/framework/src/Illuminate/Auth/Middleware/Authenticate.php(57): Illuminate\\Pipeline\\Pipeline->Illuminate\\Pipeline\\{closure}()
#37 /var/www/sepand-crm/vendor/laravel/framework/src/Illuminate/Pipeline/Pipeline.php(183): Illuminate\\Auth\\Middleware\\Authenticate->handle()
#38 /var/www/sepand-crm/vendor/laravel/framework/src/Illuminate/Foundation/Http/Middleware/VerifyCsrfToken.php(78): Illuminate\\Pipeline\\Pipeline->Illuminate\\Pipeline\\{closure}()
#39 /var/www/sepand-crm/vendor/laravel/framework/src/Illuminate/Pipeline/Pipeline.php(183): Illuminate\\Foundation\\Http\\Middleware\\VerifyCsrfToken->handle()
#40 /var/www/sepand-crm/vendor/laravel/framework/src/Illuminate/View/Middleware/ShareErrorsFromSession.php(49): Illuminate\\Pipeline\\Pipeline->Illuminate\\Pipeline\\{closure}()
#41 /var/www/sepand-crm/vendor/laravel/framework/src/Illuminate/Pipeline/Pipeline.php(183): Illuminate\\View\\Middleware\\ShareErrorsFromSession->handle()
#42 /var/www/sepand-crm/Modules/Auth/App/Http/Middleware/EnsureScreenIsUnlocked.php(14): Illuminate\\Pipeline\\Pipeline->Illuminate\\Pipeline\\{closure}()
#43 /var/www/sepand-crm/vendor/laravel/framework/src/Illuminate/Pipeline/Pipeline.php(183): Modules\\Auth\\App\\Http\\Middleware\\EnsureScreenIsUnlocked->handle()
#44 /var/www/sepand-crm/Modules/Auth/App/Http/Middleware/EnsureUserIsActive.php(17): Illuminate\\Pipeline\\Pipeline->Illuminate\\Pipeline\\{closure}()
#45 /var/www/sepand-crm/vendor/laravel/framework/src/Illuminate/Pipeline/Pipeline.php(183): Modules\\Auth\\App\\Http\\Middleware\\EnsureUserIsActive->handle()
#46 /var/www/sepand-crm/vendor/laravel/framework/src/Illuminate/Session/Middleware/StartSession.php(121): Illuminate\\Pipeline\\Pipeline->Illuminate\\Pipeline\\{closure}()
#47 /var/www/sepand-crm/vendor/laravel/framework/src/Illuminate/Session/Middleware/StartSession.php(64): Illuminate\\Session\\Middleware\\StartSession->handleStatefulRequest()
#48 /var/www/sepand-crm/vendor/laravel/framework/src/Illuminate/Pipeline/Pipeline.php(183): Illuminate\\Session\\Middleware\\StartSession->handle()
#49 /var/www/sepand-crm/vendor/laravel/framework/src/Illuminate/Cookie/Middleware/AddQueuedCookiesToResponse.php(37): Illuminate\\Pipeline\\Pipeline->Illuminate\\Pipeline\\{closure}()
#50 /var/www/sepand-crm/vendor/laravel/framework/src/Illuminate/Pipeline/Pipeline.php(183): Illuminate\\Cookie\\Middleware\\AddQueuedCookiesToResponse->handle()
#51 /var/www/sepand-crm/vendor/laravel/framework/src/Illuminate/Cookie/Middleware/EncryptCookies.php(67): Illuminate\\Pipeline\\Pipeline->Illuminate\\Pipeline\\{closure}()
#52 /var/www/sepand-crm/vendor/laravel/framework/src/Illuminate/Pipeline/Pipeline.php(183): Illuminate\\Cookie\\Middleware\\EncryptCookies->handle()
#53 /var/www/sepand-crm/vendor/laravel/framework/src/Illuminate/Pipeline/Pipeline.php(119): Illuminate\\Pipeline\\Pipeline->Illuminate\\Pipeline\\{closure}()
#54 /var/www/sepand-crm/vendor/laravel/framework/src/Illuminate/Routing/Router.php(805): Illuminate\\Pipeline\\Pipeline->then()
#55 /var/www/sepand-crm/vendor/laravel/framework/src/Illuminate/Routing/Router.php(784): Illuminate\\Routing\\Router->runRouteWithinStack()
#56 /var/www/sepand-crm/vendor/laravel/framework/src/Illuminate/Routing/Router.php(748): Illuminate\\Routing\\Router->runRoute()
#57 /var/www/sepand-crm/vendor/laravel/framework/src/Illuminate/Routing/Router.php(737): Illuminate\\Routing\\Router->dispatchToRoute()
#58 /var/www/sepand-crm/vendor/laravel/framework/src/Illuminate/Foundation/Http/Kernel.php(200): Illuminate\\Routing\\Router->dispatch()
#59 /var/www/sepand-crm/vendor/laravel/framework/src/Illuminate/Pipeline/Pipeline.php(144): Illuminate\\Foundation\\Http\\Kernel->Illuminate\\Foundation\\Http\\{closure}()
#60 /var/www/sepand-crm/vendor/laravel/framework/src/Illuminate/Foundation/Http/Middleware/TransformsRequest.php(21): Illuminate\\Pipeline\\Pipeline->Illuminate\\Pipeline\\{closure}()
#61 /var/www/sepand-crm/vendor/laravel/framework/src/Illuminate/Foundation/Http/Middleware/ConvertEmptyStringsToNull.php(31): Illuminate\\Foundation\\Http\\Middleware\\TransformsRequest->handle()
#62 /var/www/sepand-crm/vendor/laravel/framework/src/Illuminate/Pipeline/Pipeline.php(183): Illuminate\\Foundation\\Http\\Middleware\\ConvertEmptyStringsToNull->handle()
#63 /var/www/sepand-crm/vendor/laravel/framework/src/Illuminate/Foundation/Http/Middleware/TransformsRequest.php(21): Illuminate\\Pipeline\\Pipeline->Illuminate\\Pipeline\\{closure}()
#64 /var/www/sepand-crm/vendor/laravel/framework/src/Illuminate/Foundation/Http/Middleware/TrimStrings.php(40): Illuminate\\Foundation\\Http\\Middleware\\TransformsRequest->handle()
#65 /var/www/sepand-crm/vendor/laravel/framework/src/Illuminate/Pipeline/Pipeline.php(183): Illuminate\\Foundation\\Http\\Middleware\\TrimStrings->handle()
#66 /var/www/sepand-crm/vendor/laravel/framework/src/Illuminate/Foundation/Http/Middleware/ValidatePostSize.php(27): Illuminate\\Pipeline\\Pipeline->Illuminate\\Pipeline\\{closure}()
#67 /var/www/sepand-crm/vendor/laravel/framework/src/Illuminate/Pipeline/Pipeline.php(183): Illuminate\\Foundation\\Http\\Middleware\\ValidatePostSize->handle()
#68 /var/www/sepand-crm/app/Http/Middleware/IdentifyTenant.php(28): Illuminate\\Pipeline\\Pipeline->Illuminate\\Pipeline\\{closure}()
#69 /var/www/sepand-crm/vendor/laravel/framework/src/Illuminate/Pipeline/Pipeline.php(183): App\\Http\\Middleware\\IdentifyTenant->handle()
#70 /var/www/sepand-crm/vendor/laravel/framework/src/Illuminate/Foundation/Http/Middleware/PreventRequestsDuringMaintenance.php(99): Illuminate\\Pipeline\\Pipeline->Illuminate\\Pipeline\\{closure}()
#71 /var/www/sepand-crm/vendor/laravel/framework/src/Illuminate/Pipeline/Pipeline.php(183): Illuminate\\Foundation\\Http\\Middleware\\PreventRequestsDuringMaintenance->handle()
#72 /var/www/sepand-crm/vendor/laravel/framework/src/Illuminate/Http/Middleware/HandleCors.php(49): Illuminate\\Pipeline\\Pipeline->Illuminate\\Pipeline\\{closure}()
#73 /var/www/sepand-crm/vendor/laravel/framework/src/Illuminate/Pipeline/Pipeline.php(183): Illuminate\\Http\\Middleware\\HandleCors->handle()
#74 /var/www/sepand-crm/vendor/laravel/framework/src/Illuminate/Http/Middleware/TrustProxies.php(39): Illuminate\\Pipeline\\Pipeline->Illuminate\\Pipeline\\{closure}()
#75 /var/www/sepand-crm/vendor/laravel/framework/src/Illuminate/Pipeline/Pipeline.php(183): Illuminate\\Http\\Middleware\\TrustProxies->handle()
#76 /var/www/sepand-crm/vendor/laravel/framework/src/Illuminate/Pipeline/Pipeline.php(119): Illuminate\\Pipeline\\Pipeline->Illuminate\\Pipeline\\{closure}()
#77 /var/www/sepand-crm/vendor/laravel/framework/src/Illuminate/Foundation/Http/Kernel.php(175): Illuminate\\Pipeline\\Pipeline->then()
#78 /var/www/sepand-crm/vendor/laravel/framework/src/Illuminate/Foundation/Http/Kernel.php(144): Illuminate\\Foundation\\Http\\Kernel->sendRequestThroughRouter()
#79 /var/www/sepand-crm/vendor/laravel/framework/src/Illuminate/Foundation/Testing/Concerns/MakesHttpRequests.php(585): Illuminate\\Foundation\\Http\\Kernel->handle()
#80 /var/www/sepand-crm/vendor/laravel/framework/src/Illuminate/Foundation/Testing/Concerns/MakesHttpRequests.php(346): Illuminate\\Foundation\\Testing\\TestCase->call()
#81 /var/www/sepand-crm/tests/Feature/PaymentWorkflowTest.php(206): Illuminate\\Foundation\\Testing\\TestCase->get()
#82 /var/www/sepand-crm/vendor/phpunit/phpunit/src/Framework/TestCase.php(1548): Tests\\Feature\\PaymentWorkflowTest->test_authorized_operation_page_contains_the_financial_panel()
#83 /var/www/sepand-crm/vendor/phpunit/phpunit/src/Framework/TestCase.php(686): PHPUnit\\Framework\\TestCase->runTest()
#84 /var/www/sepand-crm/vendor/phpunit/phpunit/src/Framework/TestRunner.php(106): PHPUnit\\Framework\\TestCase->runBare()
#85 /var/www/sepand-crm/vendor/phpunit/phpunit/src/Framework/TestCase.php(516): PHPUnit\\Framework\\TestRunner->run()
#86 /var/www/sepand-crm/vendor/phpunit/phpunit/src/Framework/TestSuite.php(374): PHPUnit\\Framework\\TestCase->run()
#87 /var/www/sepand-crm/vendor/phpunit/phpunit/src/Framework/TestSuite.php(374): PHPUnit\\Framework\\TestSuite->run()
#88 /var/www/sepand-crm/vendor/phpunit/phpunit/src/Framework/TestSuite.php(374): PHPUnit\\Framework\\TestSuite->run()
#89 /var/www/sepand-crm/vendor/phpunit/phpunit/src/TextUI/TestRunner.php(64): PHPUnit\\Framework\\TestSuite->run()
#90 /var/www/sepand-crm/vendor/phpunit/phpunit/src/TextUI/Application.php(204): PHPUnit\\TextUI\\TestRunner->run()
#91 /var/www/sepand-crm/vendor/phpunit/phpunit/phpunit(104): PHPUnit\\TextUI\\Application->run()
#92 {main}
"} 
[2026-07-17 20:02:53] testing.ERROR: Vite manifest not found at: /var/www/sepand-crm/public/build/manifest.json {"view":{"view":"/var/www/sepand-crm/Modules/Task/resources/views/components/assignees-select2.blade.php","data":[]},"userId":"a2486779-059b-45d0-a00a-8c61f2bb74aa","exception":"[object] (Spatie\\LaravelIgnition\\Exceptions\\ViewException(code: 0): Vite manifest not found at: /var/www/sepand-crm/public/build/manifest.json at /var/www/sepand-crm/vendor/laravel/framework/src/Illuminate/Foundation/Vite.php:728)
[stacktrace]
#0 /var/www/sepand-crm/vendor/laravel/framework/src/Illuminate/Foundation/Vite.php(673): Illuminate\\Foundation\\Vite->manifest()
#1 /var/www/sepand-crm/vendor/laravel/framework/src/Illuminate/Support/Facades/Facade.php(355): Illuminate\\Foundation\\Vite->asset()
#2 /var/www/sepand-crm/Modules/Task/resources/views/components/assignees-select2.blade.php(2): Illuminate\\Support\\Facades\\Facade::__callStatic()
#3 /var/www/sepand-crm/vendor/laravel/framework/src/Illuminate/Filesystem/Filesystem.php(123): require('...')
#4 /var/www/sepand-crm/vendor/laravel/framework/src/Illuminate/Filesystem/Filesystem.php(124): Illuminate\\Filesystem\\Filesystem::Illuminate\\Filesystem\\{closure}()
#5 /var/www/sepand-crm/vendor/laravel/framework/src/Illuminate/View/Engines/PhpEngine.php(58): Illuminate\\Filesystem\\Filesystem->getRequire()
#6 /var/www/sepand-crm/vendor/laravel/framework/src/Illuminate/View/Engines/CompilerEngine.php(72): Illuminate\\View\\Engines\\PhpEngine->evaluatePath()
#7 /var/www/sepand-crm/vendor/laravel/framework/src/Illuminate/View/View.php(207): Illuminate\\View\\Engines\\CompilerEngine->get()
#8 /var/www/sepand-crm/vendor/laravel/framework/src/Illuminate/View/View.php(190): Illuminate\\View\\View->getContents()
#9 /var/www/sepand-crm/vendor/laravel/framework/src/Illuminate/View/View.php(159): Illuminate\\View\\View->renderContents()
#10 /var/www/sepand-crm/Modules/Task/resources/views/components/add-task.blade.php(27): Illuminate\\View\\View->render()
#11 /var/www/sepand-crm/vendor/laravel/framework/src/Illuminate/Filesystem/Filesystem.php(123): require('...')
#12 /var/www/sepand-crm/vendor/laravel/framework/src/Illuminate/Filesystem/Filesystem.php(124): Illuminate\\Filesystem\\Filesystem::Illuminate\\Filesystem\\{closure}()
#13 /var/www/sepand-crm/vendor/laravel/framework/src/Illuminate/View/Engines/PhpEngine.php(58): Illuminate\\Filesystem\\Filesystem->getRequire()
#14 /var/www/sepand-crm/vendor/laravel/framework/src/Illuminate/View/Engines/CompilerEngine.php(72): Illuminate\\View\\Engines\\PhpEngine->evaluatePath()
#15 /var/www/sepand-crm/vendor/laravel/framework/src/Illuminate/View/View.php(207): Illuminate\\View\\Engines\\CompilerEngine->get()
#16 /var/www/sepand-crm/vendor/laravel/framework/src/Illuminate/View/View.php(190): Illuminate\\View\\View->getContents()
#17 /var/www/sepand-crm/vendor/laravel/framework/src/Illuminate/View/View.php(159): Illuminate\\View\\View->renderContents()
#18 /var/www/sepand-crm/vendor/laravel/framework/src/Illuminate/View/Concerns/ManagesComponents.php(103): Illuminate\\View\\View->render()
#19 /var/www/sepand-crm/Modules/Operation/resources/views/components/task-operation.blade.php(71): Illuminate\\View\\Factory->renderComponent()
#20 /var/www/sepand-crm/vendor/laravel/framework/src/Illuminate/Filesystem/Filesystem.php(123): require('...')
#21 /var/www/sepand-crm/vendor/laravel/framework/src/Illuminate/Filesystem/Filesystem.php(124): Illuminate\\Filesystem\\Filesystem::Illuminate\\Filesystem\\{closure}()
#22 /var/www/sepand-crm/vendor/laravel/framework/src/Illuminate/View/Engines/PhpEngine.php(58): Illuminate\\Filesystem\\Filesystem->getRequire()
#23 /var/www/sepand-crm/vendor/laravel/framework/src/Illuminate/View/Engines/CompilerEngine.php(72): Illuminate\\View\\Engines\\PhpEngine->evaluatePath()
#24 /var/www/sepand-crm/vendor/laravel/framework/src/Illuminate/View/View.php(207): Illuminate\\View\\Engines\\CompilerEngine->get()
#25 /var/www/sepand-crm/vendor/laravel/framework/src/Illuminate/View/View.php(190): Illuminate\\View\\View->getContents()
#26 /var/www/sepand-crm/vendor/laravel/framework/src/Illuminate/View/View.php(159): Illuminate\\View\\View->renderContents()
#27 /var/www/sepand-crm/vendor/laravel/framework/src/Illuminate/View/Concerns/ManagesComponents.php(103): Illuminate\\View\\View->render()
#28 /var/www/sepand-crm/Modules/Operation/resources/views/show.blade.php(929): Illuminate\\View\\Factory->renderComponent()
#29 /var/www/sepand-crm/vendor/laravel/framework/src/Illuminate/Filesystem/Filesystem.php(123): require('...')
#30 /var/www/sepand-crm/vendor/laravel/framework/src/Illuminate/Filesystem/Filesystem.php(124): Illuminate\\Filesystem\\Filesystem::Illuminate\\Filesystem\\{closure}()
#31 /var/www/sepand-crm/vendor/laravel/framework/src/Illuminate/View/Engines/PhpEngine.php(58): Illuminate\\Filesystem\\Filesystem->getRequire()
#32 /var/www/sepand-crm/vendor/laravel/framework/src/Illuminate/View/Engines/CompilerEngine.php(72): Illuminate\\View\\Engines\\PhpEngine->evaluatePath()
#33 /var/www/sepand-crm/vendor/laravel/framework/src/Illuminate/View/View.php(207): Illuminate\\View\\Engines\\CompilerEngine->get()
#34 /var/www/sepand-crm/vendor/laravel/framework/src/Illuminate/View/View.php(190): Illuminate\\View\\View->getContents()
#35 /var/www/sepand-crm/vendor/laravel/framework/src/Illuminate/View/View.php(159): Illuminate\\View\\View->renderContents()
#36 /var/www/sepand-crm/vendor/laravel/framework/src/Illuminate/Http/Response.php(69): Illuminate\\View\\View->render()
#37 /var/www/sepand-crm/vendor/laravel/framework/src/Illuminate/Http/Response.php(35): Illuminate\\Http\\Response->setContent()
#38 /var/www/sepand-crm/vendor/laravel/framework/src/Illuminate/Routing/Router.php(918): Illuminate\\Http\\Response->__construct()
#39 /var/www/sepand-crm/vendor/laravel/framework/src/Illuminate/Routing/Router.php(885): Illuminate\\Routing\\Router::toResponse()
#40 /var/www/sepand-crm/vendor/laravel/framework/src/Illuminate/Routing/Router.php(805): Illuminate\\Routing\\Router->prepareResponse()
#41 /var/www/sepand-crm/vendor/laravel/framework/src/Illuminate/Pipeline/Pipeline.php(144): Illuminate\\Routing\\Router->Illuminate\\Routing\\{closure}()
#42 /var/www/sepand-crm/vendor/laravel/framework/src/Illuminate/Foundation/Testing/Concerns/MakesHttpRequests.php(180): Illuminate\\Pipeline\\Pipeline->Illuminate\\Pipeline\\{closure}()
#43 /var/www/sepand-crm/vendor/laravel/framework/src/Illuminate/Pipeline/Pipeline.php(183): class@anonymous->handle()
#44 /var/www/sepand-crm/vendor/laravel/framework/src/Illuminate/Routing/Middleware/SubstituteBindings.php(50): Illuminate\\Pipeline\\Pipeline->Illuminate\\Pipeline\\{closure}()
#45 /var/www/sepand-crm/vendor/laravel/framework/src/Illuminate/Pipeline/Pipeline.php(183): Illuminate\\Routing\\Middleware\\SubstituteBindings->handle()
#46 /var/www/sepand-crm/vendor/laravel/framework/src/Illuminate/Auth/Middleware/Authenticate.php(57): Illuminate\\Pipeline\\Pipeline->Illuminate\\Pipeline\\{closure}()
#47 /var/www/sepand-crm/vendor/laravel/framework/src/Illuminate/Pipeline/Pipeline.php(183): Illuminate\\Auth\\Middleware\\Authenticate->handle()
#48 /var/www/sepand-crm/vendor/laravel/framework/src/Illuminate/Foundation/Http/Middleware/VerifyCsrfToken.php(78): Illuminate\\Pipeline\\Pipeline->Illuminate\\Pipeline\\{closure}()
#49 /var/www/sepand-crm/vendor/laravel/framework/src/Illuminate/Pipeline/Pipeline.php(183): Illuminate\\Foundation\\Http\\Middleware\\VerifyCsrfToken->handle()
#50 /var/www/sepand-crm/vendor/laravel/framework/src/Illuminate/View/Middleware/ShareErrorsFromSession.php(49): Illuminate\\Pipeline\\Pipeline->Illuminate\\Pipeline\\{closure}()
#51 /var/www/sepand-crm/vendor/laravel/framework/src/Illuminate/Pipeline/Pipeline.php(183): Illuminate\\View\\Middleware\\ShareErrorsFromSession->handle()
#52 /var/www/sepand-crm/Modules/Auth/App/Http/Middleware/EnsureScreenIsUnlocked.php(14): Illuminate\\Pipeline\\Pipeline->Illuminate\\Pipeline\\{closure}()
#53 /var/www/sepand-crm/vendor/laravel/framework/src/Illuminate/Pipeline/Pipeline.php(183): Modules\\Auth\\App\\Http\\Middleware\\EnsureScreenIsUnlocked->handle()
#54 /var/www/sepand-crm/Modules/Auth/App/Http/Middleware/EnsureUserIsActive.php(17): Illuminate\\Pipeline\\Pipeline->Illuminate\\Pipeline\\{closure}()
#55 /var/www/sepand-crm/vendor/laravel/framework/src/Illuminate/Pipeline/Pipeline.php(183): Modules\\Auth\\App\\Http\\Middleware\\EnsureUserIsActive->handle()
#56 /var/www/sepand-crm/vendor/laravel/framework/src/Illuminate/Session/Middleware/StartSession.php(121): Illuminate\\Pipeline\\Pipeline->Illuminate\\Pipeline\\{closure}()
#57 /var/www/sepand-crm/vendor/laravel/framework/src/Illuminate/Session/Middleware/StartSession.php(64): Illuminate\\Session\\Middleware\\StartSession->handleStatefulRequest()
#58 /var/www/sepand-crm/vendor/laravel/framework/src/Illuminate/Pipeline/Pipeline.php(183): Illuminate\\Session\\Middleware\\StartSession->handle()
#59 /var/www/sepand-crm/vendor/laravel/framework/src/Illuminate/Cookie/Middleware/AddQueuedCookiesToResponse.php(37): Illuminate\\Pipeline\\Pipeline->Illuminate\\Pipeline\\{closure}()
#60 /var/www/sepand-crm/vendor/laravel/framework/src/Illuminate/Pipeline/Pipeline.php(183): Illuminate\\Cookie\\Middleware\\AddQueuedCookiesToResponse->handle()
#61 /var/www/sepand-crm/vendor/laravel/framework/src/Illuminate/Cookie/Middleware/EncryptCookies.php(67): Illuminate\\Pipeline\\Pipeline->Illuminate\\Pipeline\\{closure}()
#62 /var/www/sepand-crm/vendor/laravel/framework/src/Illuminate/Pipeline/Pipeline.php(183): Illuminate\\Cookie\\Middleware\\EncryptCookies->handle()
#63 /var/www/sepand-crm/vendor/laravel/framework/src/Illuminate/Pipeline/Pipeline.php(119): Illuminate\\Pipeline\\Pipeline->Illuminate\\Pipeline\\{closure}()
#64 /var/www/sepand-crm/vendor/laravel/framework/src/Illuminate/Routing/Router.php(805): Illuminate\\Pipeline\\Pipeline->then()
#65 /var/www/sepand-crm/vendor/laravel/framework/src/Illuminate/Routing/Router.php(784): Illuminate\\Routing\\Router->runRouteWithinStack()
#66 /var/www/sepand-crm/vendor/laravel/framework/src/Illuminate/Routing/Router.php(748): Illuminate\\Routing\\Router->runRoute()
#67 /var/www/sepand-crm/vendor/laravel/framework/src/Illuminate/Routing/Router.php(737): Illuminate\\Routing\\Router->dispatchToRoute()
#68 /var/www/sepand-crm/vendor/laravel/framework/src/Illuminate/Foundation/Http/Kernel.php(200): Illuminate\\Routing\\Router->dispatch()
#69 /var/www/sepand-crm/vendor/laravel/framework/src/Illuminate/Pipeline/Pipeline.php(144): Illuminate\\Foundation\\Http\\Kernel->Illuminate\\Foundation\\Http\\{closure}()
#70 /var/www/sepand-crm/vendor/laravel/framework/src/Illuminate/Foundation/Http/Middleware/TransformsRequest.php(21): Illuminate\\Pipeline\\Pipeline->Illuminate\\Pipeline\\{closure}()
#71 /var/www/sepand-crm/vendor/laravel/framework/src/Illuminate/Foundation/Http/Middleware/ConvertEmptyStringsToNull.php(31): Illuminate\\Foundation\\Http\\Middleware\\TransformsRequest->handle()
#72 /var/www/sepand-crm/vendor/laravel/framework/src/Illuminate/Pipeline/Pipeline.php(183): Illuminate\\Foundation\\Http\\Middleware\\ConvertEmptyStringsToNull->handle()
#73 /var/www/sepand-crm/vendor/laravel/framework/src/Illuminate/Foundation/Http/Middleware/TransformsRequest.php(21): Illuminate\\Pipeline\\Pipeline->Illuminate\\Pipeline\\{closure}()
#74 /var/www/sepand-crm/vendor/laravel/framework/src/Illuminate/Foundation/Http/Middleware/TrimStrings.php(40): Illuminate\\Foundation\\Http\\Middleware\\TransformsRequest->handle()
#75 /var/www/sepand-crm/vendor/laravel/framework/src/Illuminate/Pipeline/Pipeline.php(183): Illuminate\\Foundation\\Http\\Middleware\\TrimStrings->handle()
#76 /var/www/sepand-crm/vendor/laravel/framework/src/Illuminate/Foundation/Http/Middleware/ValidatePostSize.php(27): Illuminate\\Pipeline\\Pipeline->Illuminate\\Pipeline\\{closure}()
#77 /var/www/sepand-crm/vendor/laravel/framework/src/Illuminate/Pipeline/Pipeline.php(183): Illuminate\\Foundation\\Http\\Middleware\\ValidatePostSize->handle()
#78 /var/www/sepand-crm/app/Http/Middleware/IdentifyTenant.php(28): Illuminate\\Pipeline\\Pipeline->Illuminate\\Pipeline\\{closure}()
#79 /var/www/sepand-crm/vendor/laravel/framework/src/Illuminate/Pipeline/Pipeline.php(183): App\\Http\\Middleware\\IdentifyTenant->handle()
#80 /var/www/sepand-crm/vendor/laravel/framework/src/Illuminate/Foundation/Http/Middleware/PreventRequestsDuringMaintenance.php(99): Illuminate\\Pipeline\\Pipeline->Illuminate\\Pipeline\\{closure}()
#81 /var/www/sepand-crm/vendor/laravel/framework/src/Illuminate/Pipeline/Pipeline.php(183): Illuminate\\Foundation\\Http\\Middleware\\PreventRequestsDuringMaintenance->handle()
#82 /var/www/sepand-crm/vendor/laravel/framework/src/Illuminate/Http/Middleware/HandleCors.php(49): Illuminate\\Pipeline\\Pipeline->Illuminate\\Pipeline\\{closure}()
#83 /var/www/sepand-crm/vendor/laravel/framework/src/Illuminate/Pipeline/Pipeline.php(183): Illuminate\\Http\\Middleware\\HandleCors->handle()
#84 /var/www/sepand-crm/vendor/laravel/framework/src/Illuminate/Http/Middleware/TrustProxies.php(39): Illuminate\\Pipeline\\Pipeline->Illuminate\\Pipeline\\{closure}()
#85 /var/www/sepand-crm/vendor/laravel/framework/src/Illuminate/Pipeline/Pipeline.php(183): Illuminate\\Http\\Middleware\\TrustProxies->handle()
#86 /var/www/sepand-crm/vendor/laravel/framework/src/Illuminate/Pipeline/Pipeline.php(119): Illuminate\\Pipeline\\Pipeline->Illuminate\\Pipeline\\{closure}()
#87 /var/www/sepand-crm/vendor/laravel/framework/src/Illuminate/Foundation/Http/Kernel.php(175): Illuminate\\Pipeline\\Pipeline->then()
#88 /var/www/sepand-crm/vendor/laravel/framework/src/Illuminate/Foundation/Http/Kernel.php(144): Illuminate\\Foundation\\Http\\Kernel->sendRequestThroughRouter()
#89 /var/www/sepand-crm/vendor/laravel/framework/src/Illuminate/Foundation/Testing/Concerns/MakesHttpRequests.php(585): Illuminate\\Foundation\\Http\\Kernel->handle()
#90 /var/www/sepand-crm/vendor/laravel/framework/src/Illuminate/Foundation/Testing/Concerns/MakesHttpRequests.php(346): Illuminate\\Foundation\\Testing\\TestCase->call()
#91 /var/www/sepand-crm/tests/Feature/ReceiptWorkflowTest.php(185): Illuminate\\Foundation\\Testing\\TestCase->get()
#92 /var/www/sepand-crm/vendor/phpunit/phpunit/src/Framework/TestCase.php(1548): Tests\\Feature\\ReceiptWorkflowTest->test_accounting_list_and_operation_panel_show_receipt_workflow()
#93 /var/www/sepand-crm/vendor/phpunit/phpunit/src/Framework/TestCase.php(686): PHPUnit\\Framework\\TestCase->runTest()
#94 /var/www/sepand-crm/vendor/phpunit/phpunit/src/Framework/TestRunner.php(106): PHPUnit\\Framework\\TestCase->runBare()
#95 /var/www/sepand-crm/vendor/phpunit/phpunit/src/Framework/TestCase.php(516): PHPUnit\\Framework\\TestRunner->run()
#96 /var/www/sepand-crm/vendor/phpunit/phpunit/src/Framework/TestSuite.php(374): PHPUnit\\Framework\\TestCase->run()
#97 /var/www/sepand-crm/vendor/phpunit/phpunit/src/Framework/TestSuite.php(374): PHPUnit\\Framework\\TestSuite->run()
#98 /var/www/sepand-crm/vendor/phpunit/phpunit/src/Framework/TestSuite.php(374): PHPUnit\\Framework\\TestSuite->run()
#99 /var/www/sepand-crm/vendor/phpunit/phpunit/src/TextUI/TestRunner.php(64): PHPUnit\\Framework\\TestSuite->run()
#100 /var/www/sepand-crm/vendor/phpunit/phpunit/src/TextUI/Application.php(204): PHPUnit\\TextUI\\TestRunner->run()
#101 /var/www/sepand-crm/vendor/phpunit/phpunit/phpunit(104): PHPUnit\\TextUI\\Application->run()
#102 {main}

[previous exception] [object] (Illuminate\\Foundation\\ViteManifestNotFoundException(code: 0): Vite manifest not found at: /var/www/sepand-crm/public/build/manifest.json at /var/www/sepand-crm/vendor/laravel/framework/src/Illuminate/Foundation/Vite.php:728)
[stacktrace]
#0 /var/www/sepand-crm/vendor/laravel/framework/src/Illuminate/Foundation/Vite.php(673): Illuminate\\Foundation\\Vite->manifest()
#1 /var/www/sepand-crm/vendor/laravel/framework/src/Illuminate/Support/Facades/Facade.php(355): Illuminate\\Foundation\\Vite->asset()
#2 /var/www/sepand-crm/storage/framework/views/556f2bab4ab9d9755a5228469e5fd605.php(2): Illuminate\\Support\\Facades\\Facade::__callStatic()
#3 /var/www/sepand-crm/vendor/laravel/framework/src/Illuminate/Filesystem/Filesystem.php(123): require('...')
#4 /var/www/sepand-crm/vendor/laravel/framework/src/Illuminate/Filesystem/Filesystem.php(124): Illuminate\\Filesystem\\Filesystem::Illuminate\\Filesystem\\{closure}()
#5 /var/www/sepand-crm/vendor/laravel/framework/src/Illuminate/View/Engines/PhpEngine.php(58): Illuminate\\Filesystem\\Filesystem->getRequire()
#6 /var/www/sepand-crm/vendor/laravel/framework/src/Illuminate/View/Engines/CompilerEngine.php(72): Illuminate\\View\\Engines\\PhpEngine->evaluatePath()
#7 /var/www/sepand-crm/vendor/laravel/framework/src/Illuminate/View/View.php(207): Illuminate\\View\\Engines\\CompilerEngine->get()
#8 /var/www/sepand-crm/vendor/laravel/framework/src/Illuminate/View/View.php(190): Illuminate\\View\\View->getContents()
#9 /var/www/sepand-crm/vendor/laravel/framework/src/Illuminate/View/View.php(159): Illuminate\\View\\View->renderContents()
#10 /var/www/sepand-crm/storage/framework/views/bca6573775b8894dcc65ac5f964e6175.php(27): Illuminate\\View\\View->render()
#11 /var/www/sepand-crm/vendor/laravel/framework/src/Illuminate/Filesystem/Filesystem.php(123): require('...')
#12 /var/www/sepand-crm/vendor/laravel/framework/src/Illuminate/Filesystem/Filesystem.php(124): Illuminate\\Filesystem\\Filesystem::Illuminate\\Filesystem\\{closure}()
#13 /var/www/sepand-crm/vendor/laravel/framework/src/Illuminate/View/Engines/PhpEngine.php(58): Illuminate\\Filesystem\\Filesystem->getRequire()
#14 /var/www/sepand-crm/vendor/laravel/framework/src/Illuminate/View/Engines/CompilerEngine.php(72): Illuminate\\View\\Engines\\PhpEngine->evaluatePath()
#15 /var/www/sepand-crm/vendor/laravel/framework/src/Illuminate/View/View.php(207): Illuminate\\View\\Engines\\CompilerEngine->get()
#16 /var/www/sepand-crm/vendor/laravel/framework/src/Illuminate/View/View.php(190): Illuminate\\View\\View->getContents()
#17 /var/www/sepand-crm/vendor/laravel/framework/src/Illuminate/View/View.php(159): Illuminate\\View\\View->renderContents()
#18 /var/www/sepand-crm/vendor/laravel/framework/src/Illuminate/View/Concerns/ManagesComponents.php(103): Illuminate\\View\\View->render()
#19 /var/www/sepand-crm/storage/framework/views/7e92f77bc7e75d6ed119332f770074c7.php(95): Illuminate\\View\\Factory->renderComponent()
#20 /var/www/sepand-crm/vendor/laravel/framework/src/Illuminate/Filesystem/Filesystem.php(123): require('...')
#21 /var/www/sepand-crm/vendor/laravel/framework/src/Illuminate/Filesystem/Filesystem.php(124): Illuminate\\Filesystem\\Filesystem::Illuminate\\Filesystem\\{closure}()
#22 /var/www/sepand-crm/vendor/laravel/framework/src/Illuminate/View/Engines/PhpEngine.php(58): Illuminate\\Filesystem\\Filesystem->getRequire()
#23 /var/www/sepand-crm/vendor/laravel/framework/src/Illuminate/View/Engines/CompilerEngine.php(72): Illuminate\\View\\Engines\\PhpEngine->evaluatePath()
#24 /var/www/sepand-crm/vendor/laravel/framework/src/Illuminate/View/View.php(207): Illuminate\\View\\Engines\\CompilerEngine->get()
#25 /var/www/sepand-crm/vendor/laravel/framework/src/Illuminate/View/View.php(190): Illuminate\\View\\View->getContents()
#26 /var/www/sepand-crm/vendor/laravel/framework/src/Illuminate/View/View.php(159): Illuminate\\View\\View->renderContents()
#27 /var/www/sepand-crm/vendor/laravel/framework/src/Illuminate/View/Concerns/ManagesComponents.php(103): Illuminate\\View\\View->render()
#28 /var/www/sepand-crm/storage/framework/views/8f791365e2e2112d31492f8edfe56bcc.php(1071): Illuminate\\View\\Factory->renderComponent()
#29 /var/www/sepand-crm/vendor/laravel/framework/src/Illuminate/Filesystem/Filesystem.php(123): require('...')
#30 /var/www/sepand-crm/vendor/laravel/framework/src/Illuminate/Filesystem/Filesystem.php(124): Illuminate\\Filesystem\\Filesystem::Illuminate\\Filesystem\\{closure}()
#31 /var/www/sepand-crm/vendor/laravel/framework/src/Illuminate/View/Engines/PhpEngine.php(58): Illuminate\\Filesystem\\Filesystem->getRequire()
#32 /var/www/sepand-crm/vendor/laravel/framework/src/Illuminate/View/Engines/CompilerEngine.php(72): Illuminate\\View\\Engines\\PhpEngine->evaluatePath()
#33 /var/www/sepand-crm/vendor/laravel/framework/src/Illuminate/View/View.php(207): Illuminate\\View\\Engines\\CompilerEngine->get()
#34 /var/www/sepand-crm/vendor/laravel/framework/src/Illuminate/View/View.php(190): Illuminate\\View\\View->getContents()
#35 /var/www/sepand-crm/vendor/laravel/framework/src/Illuminate/View/View.php(159): Illuminate\\View\\View->renderContents()
#36 /var/www/sepand-crm/vendor/laravel/framework/src/Illuminate/Http/Response.php(69): Illuminate\\View\\View->render()
#37 /var/www/sepand-crm/vendor/laravel/framework/src/Illuminate/Http/Response.php(35): Illuminate\\Http\\Response->setContent()
#38 /var/www/sepand-crm/vendor/laravel/framework/src/Illuminate/Routing/Router.php(918): Illuminate\\Http\\Response->__construct()
#39 /var/www/sepand-crm/vendor/laravel/framework/src/Illuminate/Routing/Router.php(885): Illuminate\\Routing\\Router::toResponse()
#40 /var/www/sepand-crm/vendor/laravel/framework/src/Illuminate/Routing/Router.php(805): Illuminate\\Routing\\Router->prepareResponse()
#41 /var/www/sepand-crm/vendor/laravel/framework/src/Illuminate/Pipeline/Pipeline.php(144): Illuminate\\Routing\\Router->Illuminate\\Routing\\{closure}()
#42 /var/www/sepand-crm/vendor/laravel/framework/src/Illuminate/Foundation/Testing/Concerns/MakesHttpRequests.php(180): Illuminate\\Pipeline\\Pipeline->Illuminate\\Pipeline\\{closure}()
#43 /var/www/sepand-crm/vendor/laravel/framework/src/Illuminate/Pipeline/Pipeline.php(183): class@anonymous->handle()
#44 /var/www/sepand-crm/vendor/laravel/framework/src/Illuminate/Routing/Middleware/SubstituteBindings.php(50): Illuminate\\Pipeline\\Pipeline->Illuminate\\Pipeline\\{closure}()
#45 /var/www/sepand-crm/vendor/laravel/framework/src/Illuminate/Pipeline/Pipeline.php(183): Illuminate\\Routing\\Middleware\\SubstituteBindings->handle()
#46 /var/www/sepand-crm/vendor/laravel/framework/src/Illuminate/Auth/Middleware/Authenticate.php(57): Illuminate\\Pipeline\\Pipeline->Illuminate\\Pipeline\\{closure}()
#47 /var/www/sepand-crm/vendor/laravel/framework/src/Illuminate/Pipeline/Pipeline.php(183): Illuminate\\Auth\\Middleware\\Authenticate->handle()
#48 /var/www/sepand-crm/vendor/laravel/framework/src/Illuminate/Foundation/Http/Middleware/VerifyCsrfToken.php(78): Illuminate\\Pipeline\\Pipeline->Illuminate\\Pipeline\\{closure}()
#49 /var/www/sepand-crm/vendor/laravel/framework/src/Illuminate/Pipeline/Pipeline.php(183): Illuminate\\Foundation\\Http\\Middleware\\VerifyCsrfToken->handle()
#50 /var/www/sepand-crm/vendor/laravel/framework/src/Illuminate/View/Middleware/ShareErrorsFromSession.php(49): Illuminate\\Pipeline\\Pipeline->Illuminate\\Pipeline\\{closure}()
#51 /var/www/sepand-crm/vendor/laravel/framework/src/Illuminate/Pipeline/Pipeline.php(183): Illuminate\\View\\Middleware\\ShareErrorsFromSession->handle()
#52 /var/www/sepand-crm/Modules/Auth/App/Http/Middleware/EnsureScreenIsUnlocked.php(14): Illuminate\\Pipeline\\Pipeline->Illuminate\\Pipeline\\{closure}()
#53 /var/www/sepand-crm/vendor/laravel/framework/src/Illuminate/Pipeline/Pipeline.php(183): Modules\\Auth\\App\\Http\\Middleware\\EnsureScreenIsUnlocked->handle()
#54 /var/www/sepand-crm/Modules/Auth/App/Http/Middleware/EnsureUserIsActive.php(17): Illuminate\\Pipeline\\Pipeline->Illuminate\\Pipeline\\{closure}()
#55 /var/www/sepand-crm/vendor/laravel/framework/src/Illuminate/Pipeline/Pipeline.php(183): Modules\\Auth\\App\\Http\\Middleware\\EnsureUserIsActive->handle()
#56 /var/www/sepand-crm/vendor/laravel/framework/src/Illuminate/Session/Middleware/StartSession.php(121): Illuminate\\Pipeline\\Pipeline->Illuminate\\Pipeline\\{closure}()
#57 /var/www/sepand-crm/vendor/laravel/framework/src/Illuminate/Session/Middleware/StartSession.php(64): Illuminate\\Session\\Middleware\\StartSession->handleStatefulRequest()
#58 /var/www/sepand-crm/vendor/laravel/framework/src/Illuminate/Pipeline/Pipeline.php(183): Illuminate\\Session\\Middleware\\StartSession->handle()
#59 /var/www/sepand-crm/vendor/laravel/framework/src/Illuminate/Cookie/Middleware/AddQueuedCookiesToResponse.php(37): Illuminate\\Pipeline\\Pipeline->Illuminate\\Pipeline\\{closure}()
#60 /var/www/sepand-crm/vendor/laravel/framework/src/Illuminate/Pipeline/Pipeline.php(183): Illuminate\\Cookie\\Middleware\\AddQueuedCookiesToResponse->handle()
#61 /var/www/sepand-crm/vendor/laravel/framework/src/Illuminate/Cookie/Middleware/EncryptCookies.php(67): Illuminate\\Pipeline\\Pipeline->Illuminate\\Pipeline\\{closure}()
#62 /var/www/sepand-crm/vendor/laravel/framework/src/Illuminate/Pipeline/Pipeline.php(183): Illuminate\\Cookie\\Middleware\\EncryptCookies->handle()
#63 /var/www/sepand-crm/vendor/laravel/framework/src/Illuminate/Pipeline/Pipeline.php(119): Illuminate\\Pipeline\\Pipeline->Illuminate\\Pipeline\\{closure}()
#64 /var/www/sepand-crm/vendor/laravel/framework/src/Illuminate/Routing/Router.php(805): Illuminate\\Pipeline\\Pipeline->then()
#65 /var/www/sepand-crm/vendor/laravel/framework/src/Illuminate/Routing/Router.php(784): Illuminate\\Routing\\Router->runRouteWithinStack()
#66 /var/www/sepand-crm/vendor/laravel/framework/src/Illuminate/Routing/Router.php(748): Illuminate\\Routing\\Router->runRoute()
#67 /var/www/sepand-crm/vendor/laravel/framework/src/Illuminate/Routing/Router.php(737): Illuminate\\Routing\\Router->dispatchToRoute()
#68 /var/www/sepand-crm/vendor/laravel/framework/src/Illuminate/Foundation/Http/Kernel.php(200): Illuminate\\Routing\\Router->dispatch()
#69 /var/www/sepand-crm/vendor/laravel/framework/src/Illuminate/Pipeline/Pipeline.php(144): Illuminate\\Foundation\\Http\\Kernel->Illuminate\\Foundation\\Http\\{closure}()
#70 /var/www/sepand-crm/vendor/laravel/framework/src/Illuminate/Foundation/Http/Middleware/TransformsRequest.php(21): Illuminate\\Pipeline\\Pipeline->Illuminate\\Pipeline\\{closure}()
#71 /var/www/sepand-crm/vendor/laravel/framework/src/Illuminate/Foundation/Http/Middleware/ConvertEmptyStringsToNull.php(31): Illuminate\\Foundation\\Http\\Middleware\\TransformsRequest->handle()
#72 /var/www/sepand-crm/vendor/laravel/framework/src/Illuminate/Pipeline/Pipeline.php(183): Illuminate\\Foundation\\Http\\Middleware\\ConvertEmptyStringsToNull->handle()
#73 /var/www/sepand-crm/vendor/laravel/framework/src/Illuminate/Foundation/Http/Middleware/TransformsRequest.php(21): Illuminate\\Pipeline\\Pipeline->Illuminate\\Pipeline\\{closure}()
#74 /var/www/sepand-crm/vendor/laravel/framework/src/Illuminate/Foundation/Http/Middleware/TrimStrings.php(40): Illuminate\\Foundation\\Http\\Middleware\\TransformsRequest->handle()
#75 /var/www/sepand-crm/vendor/laravel/framework/src/Illuminate/Pipeline/Pipeline.php(183): Illuminate\\Foundation\\Http\\Middleware\\TrimStrings->handle()
#76 /var/www/sepand-crm/vendor/laravel/framework/src/Illuminate/Foundation/Http/Middleware/ValidatePostSize.php(27): Illuminate\\Pipeline\\Pipeline->Illuminate\\Pipeline\\{closure}()
#77 /var/www/sepand-crm/vendor/laravel/framework/src/Illuminate/Pipeline/Pipeline.php(183): Illuminate\\Foundation\\Http\\Middleware\\ValidatePostSize->handle()
#78 /var/www/sepand-crm/app/Http/Middleware/IdentifyTenant.php(28): Illuminate\\Pipeline\\Pipeline->Illuminate\\Pipeline\\{closure}()
#79 /var/www/sepand-crm/vendor/laravel/framework/src/Illuminate/Pipeline/Pipeline.php(183): App\\Http\\Middleware\\IdentifyTenant->handle()
#80 /var/www/sepand-crm/vendor/laravel/framework/src/Illuminate/Foundation/Http/Middleware/PreventRequestsDuringMaintenance.php(99): Illuminate\\Pipeline\\Pipeline->Illuminate\\Pipeline\\{closure}()
#81 /var/www/sepand-crm/vendor/laravel/framework/src/Illuminate/Pipeline/Pipeline.php(183): Illuminate\\Foundation\\Http\\Middleware\\PreventRequestsDuringMaintenance->handle()
#82 /var/www/sepand-crm/vendor/laravel/framework/src/Illuminate/Http/Middleware/HandleCors.php(49): Illuminate\\Pipeline\\Pipeline->Illuminate\\Pipeline\\{closure}()
#83 /var/www/sepand-crm/vendor/laravel/framework/src/Illuminate/Pipeline/Pipeline.php(183): Illuminate\\Http\\Middleware\\HandleCors->handle()
#84 /var/www/sepand-crm/vendor/laravel/framework/src/Illuminate/Http/Middleware/TrustProxies.php(39): Illuminate\\Pipeline\\Pipeline->Illuminate\\Pipeline\\{closure}()
#85 /var/www/sepand-crm/vendor/laravel/framework/src/Illuminate/Pipeline/Pipeline.php(183): Illuminate\\Http\\Middleware\\TrustProxies->handle()
#86 /var/www/sepand-crm/vendor/laravel/framework/src/Illuminate/Pipeline/Pipeline.php(119): Illuminate\\Pipeline\\Pipeline->Illuminate\\Pipeline\\{closure}()
#87 /var/www/sepand-crm/vendor/laravel/framework/src/Illuminate/Foundation/Http/Kernel.php(175): Illuminate\\Pipeline\\Pipeline->then()
#88 /var/www/sepand-crm/vendor/laravel/framework/src/Illuminate/Foundation/Http/Kernel.php(144): Illuminate\\Foundation\\Http\\Kernel->sendRequestThroughRouter()
#89 /var/www/sepand-crm/vendor/laravel/framework/src/Illuminate/Foundation/Testing/Concerns/MakesHttpRequests.php(585): Illuminate\\Foundation\\Http\\Kernel->handle()
#90 /var/www/sepand-crm/vendor/laravel/framework/src/Illuminate/Foundation/Testing/Concerns/MakesHttpRequests.php(346): Illuminate\\Foundation\\Testing\\TestCase->call()
#91 /var/www/sepand-crm/tests/Feature/ReceiptWorkflowTest.php(185): Illuminate\\Foundation\\Testing\\TestCase->get()
#92 /var/www/sepand-crm/vendor/phpunit/phpunit/src/Framework/TestCase.php(1548): Tests\\Feature\\ReceiptWorkflowTest->test_accounting_list_and_operation_panel_show_receipt_workflow()
#93 /var/www/sepand-crm/vendor/phpunit/phpunit/src/Framework/TestCase.php(686): PHPUnit\\Framework\\TestCase->runTest()
#94 /var/www/sepand-crm/vendor/phpunit/phpunit/src/Framework/TestRunner.php(106): PHPUnit\\Framework\\TestCase->runBare()
#95 /var/www/sepand-crm/vendor/phpunit/phpunit/src/Framework/TestCase.php(516): PHPUnit\\Framework\\TestRunner->run()
#96 /var/www/sepand-crm/vendor/phpunit/phpunit/src/Framework/TestSuite.php(374): PHPUnit\\Framework\\TestCase->run()
#97 /var/www/sepand-crm/vendor/phpunit/phpunit/src/Framework/TestSuite.php(374): PHPUnit\\Framework\\TestSuite->run()
#98 /var/www/sepand-crm/vendor/phpunit/phpunit/src/Framework/TestSuite.php(374): PHPUnit\\Framework\\TestSuite->run()
#99 /var/www/sepand-crm/vendor/phpunit/phpunit/src/TextUI/TestRunner.php(64): PHPUnit\\Framework\\TestSuite->run()
#100 /var/www/sepand-crm/vendor/phpunit/phpunit/src/TextUI/Application.php(204): PHPUnit\\TextUI\\TestRunner->run()
#101 /var/www/sepand-crm/vendor/phpunit/phpunit/phpunit(104): PHPUnit\\TextUI\\Application->run()
#102 {main}
"} 
[2026-07-17 20:02:55] testing.ERROR: Vite manifest not found at: /var/www/sepand-crm/public/build/manifest.json {"view":{"view":"/var/www/sepand-crm/Modules/Task/resources/views/components/assignees-select2.blade.php","data":[]},"userId":"a248677b-314c-427d-9227-23420fe2cfd8","exception":"[object] (Spatie\\LaravelIgnition\\Exceptions\\ViewException(code: 0): Vite manifest not found at: /var/www/sepand-crm/public/build/manifest.json at /var/www/sepand-crm/vendor/laravel/framework/src/Illuminate/Foundation/Vite.php:728)
[stacktrace]
#0 /var/www/sepand-crm/vendor/laravel/framework/src/Illuminate/Foundation/Vite.php(673): Illuminate\\Foundation\\Vite->manifest()
#1 /var/www/sepand-crm/vendor/laravel/framework/src/Illuminate/Support/Facades/Facade.php(355): Illuminate\\Foundation\\Vite->asset()
#2 /var/www/sepand-crm/Modules/Task/resources/views/components/assignees-select2.blade.php(2): Illuminate\\Support\\Facades\\Facade::__callStatic()
#3 /var/www/sepand-crm/vendor/laravel/framework/src/Illuminate/Filesystem/Filesystem.php(123): require('...')
#4 /var/www/sepand-crm/vendor/laravel/framework/src/Illuminate/Filesystem/Filesystem.php(124): Illuminate\\Filesystem\\Filesystem::Illuminate\\Filesystem\\{closure}()
#5 /var/www/sepand-crm/vendor/laravel/framework/src/Illuminate/View/Engines/PhpEngine.php(58): Illuminate\\Filesystem\\Filesystem->getRequire()
#6 /var/www/sepand-crm/vendor/laravel/framework/src/Illuminate/View/Engines/CompilerEngine.php(72): Illuminate\\View\\Engines\\PhpEngine->evaluatePath()
#7 /var/www/sepand-crm/vendor/laravel/framework/src/Illuminate/View/View.php(207): Illuminate\\View\\Engines\\CompilerEngine->get()
#8 /var/www/sepand-crm/vendor/laravel/framework/src/Illuminate/View/View.php(190): Illuminate\\View\\View->getContents()
#9 /var/www/sepand-crm/vendor/laravel/framework/src/Illuminate/View/View.php(159): Illuminate\\View\\View->renderContents()
#10 /var/www/sepand-crm/Modules/Task/resources/views/components/edit-task.blade.php(20): Illuminate\\View\\View->render()
#11 /var/www/sepand-crm/vendor/laravel/framework/src/Illuminate/Filesystem/Filesystem.php(123): require('...')
#12 /var/www/sepand-crm/vendor/laravel/framework/src/Illuminate/Filesystem/Filesystem.php(124): Illuminate\\Filesystem\\Filesystem::Illuminate\\Filesystem\\{closure}()
#13 /var/www/sepand-crm/vendor/laravel/framework/src/Illuminate/View/Engines/PhpEngine.php(58): Illuminate\\Filesystem\\Filesystem->getRequire()
#14 /var/www/sepand-crm/vendor/laravel/framework/src/Illuminate/View/Engines/CompilerEngine.php(72): Illuminate\\View\\Engines\\PhpEngine->evaluatePath()
#15 /var/www/sepand-crm/vendor/laravel/framework/src/Illuminate/View/View.php(207): Illuminate\\View\\Engines\\CompilerEngine->get()
#16 /var/www/sepand-crm/vendor/laravel/framework/src/Illuminate/View/View.php(190): Illuminate\\View\\View->getContents()
#17 /var/www/sepand-crm/vendor/laravel/framework/src/Illuminate/View/View.php(159): Illuminate\\View\\View->renderContents()
#18 /var/www/sepand-crm/vendor/laravel/framework/src/Illuminate/View/Concerns/ManagesComponents.php(103): Illuminate\\View\\View->render()
#19 /var/www/sepand-crm/Modules/Operation/resources/views/components/task-operation.blade.php(45): Illuminate\\View\\Factory->renderComponent()
#20 /var/www/sepand-crm/vendor/laravel/framework/src/Illuminate/Filesystem/Filesystem.php(123): require('...')
#21 /var/www/sepand-crm/vendor/laravel/framework/src/Illuminate/Filesystem/Filesystem.php(124): Illuminate\\Filesystem\\Filesystem::Illuminate\\Filesystem\\{closure}()
#22 /var/www/sepand-crm/vendor/laravel/framework/src/Illuminate/View/Engines/PhpEngine.php(58): Illuminate\\Filesystem\\Filesystem->getRequire()
#23 /var/www/sepand-crm/vendor/laravel/framework/src/Illuminate/View/Engines/CompilerEngine.php(72): Illuminate\\View\\Engines\\PhpEngine->evaluatePath()
#24 /var/www/sepand-crm/vendor/laravel/framework/src/Illuminate/View/View.php(207): Illuminate\\View\\Engines\\CompilerEngine->get()
#25 /var/www/sepand-crm/vendor/laravel/framework/src/Illuminate/View/View.php(190): Illuminate\\View\\View->getContents()
#26 /var/www/sepand-crm/vendor/laravel/framework/src/Illuminate/View/View.php(159): Illuminate\\View\\View->renderContents()
#27 /var/www/sepand-crm/vendor/laravel/framework/src/Illuminate/View/Concerns/ManagesComponents.php(103): Illuminate\\View\\View->render()
#28 /var/www/sepand-crm/Modules/Operation/resources/views/show.blade.php(929): Illuminate\\View\\Factory->renderComponent()
#29 /var/www/sepand-crm/vendor/laravel/framework/src/Illuminate/Filesystem/Filesystem.php(123): require('...')
#30 /var/www/sepand-crm/vendor/laravel/framework/src/Illuminate/Filesystem/Filesystem.php(124): Illuminate\\Filesystem\\Filesystem::Illuminate\\Filesystem\\{closure}()
#31 /var/www/sepand-crm/vendor/laravel/framework/src/Illuminate/View/Engines/PhpEngine.php(58): Illuminate\\Filesystem\\Filesystem->getRequire()
#32 /var/www/sepand-crm/vendor/laravel/framework/src/Illuminate/View/Engines/CompilerEngine.php(72): Illuminate\\View\\Engines\\PhpEngine->evaluatePath()
#33 /var/www/sepand-crm/vendor/laravel/framework/src/Illuminate/View/View.php(207): Illuminate\\View\\Engines\\CompilerEngine->get()
#34 /var/www/sepand-crm/vendor/laravel/framework/src/Illuminate/View/View.php(190): Illuminate\\View\\View->getContents()
#35 /var/www/sepand-crm/vendor/laravel/framework/src/Illuminate/View/View.php(159): Illuminate\\View\\View->renderContents()
#36 /var/www/sepand-crm/vendor/laravel/framework/src/Illuminate/Http/Response.php(69): Illuminate\\View\\View->render()
#37 /var/www/sepand-crm/vendor/laravel/framework/src/Illuminate/Http/Response.php(35): Illuminate\\Http\\Response->setContent()
#38 /var/www/sepand-crm/vendor/laravel/framework/src/Illuminate/Routing/Router.php(918): Illuminate\\Http\\Response->__construct()
#39 /var/www/sepand-crm/vendor/laravel/framework/src/Illuminate/Routing/Router.php(885): Illuminate\\Routing\\Router::toResponse()
#40 /var/www/sepand-crm/vendor/laravel/framework/src/Illuminate/Routing/Router.php(805): Illuminate\\Routing\\Router->prepareResponse()
#41 /var/www/sepand-crm/vendor/laravel/framework/src/Illuminate/Pipeline/Pipeline.php(144): Illuminate\\Routing\\Router->Illuminate\\Routing\\{closure}()
#42 /var/www/sepand-crm/vendor/laravel/framework/src/Illuminate/Foundation/Testing/Concerns/MakesHttpRequests.php(180): Illuminate\\Pipeline\\Pipeline->Illuminate\\Pipeline\\{closure}()
#43 /var/www/sepand-crm/vendor/laravel/framework/src/Illuminate/Pipeline/Pipeline.php(183): class@anonymous->handle()
#44 /var/www/sepand-crm/vendor/laravel/framework/src/Illuminate/Routing/Middleware/SubstituteBindings.php(50): Illuminate\\Pipeline\\Pipeline->Illuminate\\Pipeline\\{closure}()
#45 /var/www/sepand-crm/vendor/laravel/framework/src/Illuminate/Pipeline/Pipeline.php(183): Illuminate\\Routing\\Middleware\\SubstituteBindings->handle()
#46 /var/www/sepand-crm/vendor/laravel/framework/src/Illuminate/Auth/Middleware/Authenticate.php(57): Illuminate\\Pipeline\\Pipeline->Illuminate\\Pipeline\\{closure}()
#47 /var/www/sepand-crm/vendor/laravel/framework/src/Illuminate/Pipeline/Pipeline.php(183): Illuminate\\Auth\\Middleware\\Authenticate->handle()
#48 /var/www/sepand-crm/vendor/laravel/framework/src/Illuminate/Foundation/Http/Middleware/VerifyCsrfToken.php(78): Illuminate\\Pipeline\\Pipeline->Illuminate\\Pipeline\\{closure}()
#49 /var/www/sepand-crm/vendor/laravel/framework/src/Illuminate/Pipeline/Pipeline.php(183): Illuminate\\Foundation\\Http\\Middleware\\VerifyCsrfToken->handle()
#50 /var/www/sepand-crm/vendor/laravel/framework/src/Illuminate/View/Middleware/ShareErrorsFromSession.php(49): Illuminate\\Pipeline\\Pipeline->Illuminate\\Pipeline\\{closure}()
#51 /var/www/sepand-crm/vendor/laravel/framework/src/Illuminate/Pipeline/Pipeline.php(183): Illuminate\\View\\Middleware\\ShareErrorsFromSession->handle()
#52 /var/www/sepand-crm/Modules/Auth/App/Http/Middleware/EnsureScreenIsUnlocked.php(14): Illuminate\\Pipeline\\Pipeline->Illuminate\\Pipeline\\{closure}()
#53 /var/www/sepand-crm/vendor/laravel/framework/src/Illuminate/Pipeline/Pipeline.php(183): Modules\\Auth\\App\\Http\\Middleware\\EnsureScreenIsUnlocked->handle()
#54 /var/www/sepand-crm/Modules/Auth/App/Http/Middleware/EnsureUserIsActive.php(17): Illuminate\\Pipeline\\Pipeline->Illuminate\\Pipeline\\{closure}()
#55 /var/www/sepand-crm/vendor/laravel/framework/src/Illuminate/Pipeline/Pipeline.php(183): Modules\\Auth\\App\\Http\\Middleware\\EnsureUserIsActive->handle()
#56 /var/www/sepand-crm/vendor/laravel/framework/src/Illuminate/Session/Middleware/StartSession.php(121): Illuminate\\Pipeline\\Pipeline->Illuminate\\Pipeline\\{closure}()
#57 /var/www/sepand-crm/vendor/laravel/framework/src/Illuminate/Session/Middleware/StartSession.php(64): Illuminate\\Session\\Middleware\\StartSession->handleStatefulRequest()
#58 /var/www/sepand-crm/vendor/laravel/framework/src/Illuminate/Pipeline/Pipeline.php(183): Illuminate\\Session\\Middleware\\StartSession->handle()
#59 /var/www/sepand-crm/vendor/laravel/framework/src/Illuminate/Cookie/Middleware/AddQueuedCookiesToResponse.php(37): Illuminate\\Pipeline\\Pipeline->Illuminate\\Pipeline\\{closure}()
#60 /var/www/sepand-crm/vendor/laravel/framework/src/Illuminate/Pipeline/Pipeline.php(183): Illuminate\\Cookie\\Middleware\\AddQueuedCookiesToResponse->handle()
#61 /var/www/sepand-crm/vendor/laravel/framework/src/Illuminate/Cookie/Middleware/EncryptCookies.php(67): Illuminate\\Pipeline\\Pipeline->Illuminate\\Pipeline\\{closure}()
#62 /var/www/sepand-crm/vendor/laravel/framework/src/Illuminate/Pipeline/Pipeline.php(183): Illuminate\\Cookie\\Middleware\\EncryptCookies->handle()
#63 /var/www/sepand-crm/vendor/laravel/framework/src/Illuminate/Pipeline/Pipeline.php(119): Illuminate\\Pipeline\\Pipeline->Illuminate\\Pipeline\\{closure}()
#64 /var/www/sepand-crm/vendor/laravel/framework/src/Illuminate/Routing/Router.php(805): Illuminate\\Pipeline\\Pipeline->then()
#65 /var/www/sepand-crm/vendor/laravel/framework/src/Illuminate/Routing/Router.php(784): Illuminate\\Routing\\Router->runRouteWithinStack()
#66 /var/www/sepand-crm/vendor/laravel/framework/src/Illuminate/Routing/Router.php(748): Illuminate\\Routing\\Router->runRoute()
#67 /var/www/sepand-crm/vendor/laravel/framework/src/Illuminate/Routing/Router.php(737): Illuminate\\Routing\\Router->dispatchToRoute()
#68 /var/www/sepand-crm/vendor/laravel/framework/src/Illuminate/Foundation/Http/Kernel.php(200): Illuminate\\Routing\\Router->dispatch()
#69 /var/www/sepand-crm/vendor/laravel/framework/src/Illuminate/Pipeline/Pipeline.php(144): Illuminate\\Foundation\\Http\\Kernel->Illuminate\\Foundation\\Http\\{closure}()
#70 /var/www/sepand-crm/vendor/laravel/framework/src/Illuminate/Foundation/Http/Middleware/TransformsRequest.php(21): Illuminate\\Pipeline\\Pipeline->Illuminate\\Pipeline\\{closure}()
#71 /var/www/sepand-crm/vendor/laravel/framework/src/Illuminate/Foundation/Http/Middleware/ConvertEmptyStringsToNull.php(31): Illuminate\\Foundation\\Http\\Middleware\\TransformsRequest->handle()
#72 /var/www/sepand-crm/vendor/laravel/framework/src/Illuminate/Pipeline/Pipeline.php(183): Illuminate\\Foundation\\Http\\Middleware\\ConvertEmptyStringsToNull->handle()
#73 /var/www/sepand-crm/vendor/laravel/framework/src/Illuminate/Foundation/Http/Middleware/TransformsRequest.php(21): Illuminate\\Pipeline\\Pipeline->Illuminate\\Pipeline\\{closure}()
#74 /var/www/sepand-crm/vendor/laravel/framework/src/Illuminate/Foundation/Http/Middleware/TrimStrings.php(40): Illuminate\\Foundation\\Http\\Middleware\\TransformsRequest->handle()
#75 /var/www/sepand-crm/vendor/laravel/framework/src/Illuminate/Pipeline/Pipeline.php(183): Illuminate\\Foundation\\Http\\Middleware\\TrimStrings->handle()
#76 /var/www/sepand-crm/vendor/laravel/framework/src/Illuminate/Foundation/Http/Middleware/ValidatePostSize.php(27): Illuminate\\Pipeline\\Pipeline->Illuminate\\Pipeline\\{closure}()
#77 /var/www/sepand-crm/vendor/laravel/framework/src/Illuminate/Pipeline/Pipeline.php(183): Illuminate\\Foundation\\Http\\Middleware\\ValidatePostSize->handle()
#78 /var/www/sepand-crm/app/Http/Middleware/IdentifyTenant.php(28): Illuminate\\Pipeline\\Pipeline->Illuminate\\Pipeline\\{closure}()
#79 /var/www/sepand-crm/vendor/laravel/framework/src/Illuminate/Pipeline/Pipeline.php(183): App\\Http\\Middleware\\IdentifyTenant->handle()
#80 /var/www/sepand-crm/vendor/laravel/framework/src/Illuminate/Foundation/Http/Middleware/PreventRequestsDuringMaintenance.php(99): Illuminate\\Pipeline\\Pipeline->Illuminate\\Pipeline\\{closure}()
#81 /var/www/sepand-crm/vendor/laravel/framework/src/Illuminate/Pipeline/Pipeline.php(183): Illuminate\\Foundation\\Http\\Middleware\\PreventRequestsDuringMaintenance->handle()
#82 /var/www/sepand-crm/vendor/laravel/framework/src/Illuminate/Http/Middleware/HandleCors.php(49): Illuminate\\Pipeline\\Pipeline->Illuminate\\Pipeline\\{closure}()
#83 /var/www/sepand-crm/vendor/laravel/framework/src/Illuminate/Pipeline/Pipeline.php(183): Illuminate\\Http\\Middleware\\HandleCors->handle()
#84 /var/www/sepand-crm/vendor/laravel/framework/src/Illuminate/Http/Middleware/TrustProxies.php(39): Illuminate\\Pipeline\\Pipeline->Illuminate\\Pipeline\\{closure}()
#85 /var/www/sepand-crm/vendor/laravel/framework/src/Illuminate/Pipeline/Pipeline.php(183): Illuminate\\Http\\Middleware\\TrustProxies->handle()
#86 /var/www/sepand-crm/vendor/laravel/framework/src/Illuminate/Pipeline/Pipeline.php(119): Illuminate\\Pipeline\\Pipeline->Illuminate\\Pipeline\\{closure}()
#87 /var/www/sepand-crm/vendor/laravel/framework/src/Illuminate/Foundation/Http/Kernel.php(175): Illuminate\\Pipeline\\Pipeline->then()
#88 /var/www/sepand-crm/vendor/laravel/framework/src/Illuminate/Foundation/Http/Kernel.php(144): Illuminate\\Foundation\\Http\\Kernel->sendRequestThroughRouter()
#89 /var/www/sepand-crm/vendor/laravel/framework/src/Illuminate/Foundation/Testing/Concerns/MakesHttpRequests.php(585): Illuminate\\Foundation\\Http\\Kernel->handle()
#90 /var/www/sepand-crm/vendor/laravel/framework/src/Illuminate/Foundation/Testing/Concerns/MakesHttpRequests.php(346): Illuminate\\Foundation\\Testing\\TestCase->call()
#91 /var/www/sepand-crm/tests/Feature/ReceiptWorkflowTest.php(235): Illuminate\\Foundation\\Testing\\TestCase->get()
#92 /var/www/sepand-crm/vendor/phpunit/phpunit/src/Framework/TestCase.php(1548): Tests\\Feature\\ReceiptWorkflowTest->test_operation_attachments_include_task_files_with_section_metadata()
#93 /var/www/sepand-crm/vendor/phpunit/phpunit/src/Framework/TestCase.php(686): PHPUnit\\Framework\\TestCase->runTest()
#94 /var/www/sepand-crm/vendor/phpunit/phpunit/src/Framework/TestRunner.php(106): PHPUnit\\Framework\\TestCase->runBare()
#95 /var/www/sepand-crm/vendor/phpunit/phpunit/src/Framework/TestCase.php(516): PHPUnit\\Framework\\TestRunner->run()
#96 /var/www/sepand-crm/vendor/phpunit/phpunit/src/Framework/TestSuite.php(374): PHPUnit\\Framework\\TestCase->run()
#97 /var/www/sepand-crm/vendor/phpunit/phpunit/src/Framework/TestSuite.php(374): PHPUnit\\Framework\\TestSuite->run()
#98 /var/www/sepand-crm/vendor/phpunit/phpunit/src/Framework/TestSuite.php(374): PHPUnit\\Framework\\TestSuite->run()
#99 /var/www/sepand-crm/vendor/phpunit/phpunit/src/TextUI/TestRunner.php(64): PHPUnit\\Framework\\TestSuite->run()
#100 /var/www/sepand-crm/vendor/phpunit/phpunit/src/TextUI/Application.php(204): PHPUnit\\TextUI\\TestRunner->run()
#101 /var/www/sepand-crm/vendor/phpunit/phpunit/phpunit(104): PHPUnit\\TextUI\\Application->run()
#102 {main}

[previous exception] [object] (Illuminate\\Foundation\\ViteManifestNotFoundException(code: 0): Vite manifest not found at: /var/www/sepand-crm/public/build/manifest.json at /var/www/sepand-crm/vendor/laravel/framework/src/Illuminate/Foundation/Vite.php:728)
[stacktrace]
#0 /var/www/sepand-crm/vendor/laravel/framework/src/Illuminate/Foundation/Vite.php(673): Illuminate\\Foundation\\Vite->manifest()
#1 /var/www/sepand-crm/vendor/laravel/framework/src/Illuminate/Support/Facades/Facade.php(355): Illuminate\\Foundation\\Vite->asset()
#2 /var/www/sepand-crm/storage/framework/views/556f2bab4ab9d9755a5228469e5fd605.php(2): Illuminate\\Support\\Facades\\Facade::__callStatic()
#3 /var/www/sepand-crm/vendor/laravel/framework/src/Illuminate/Filesystem/Filesystem.php(123): require('...')
#4 /var/www/sepand-crm/vendor/laravel/framework/src/Illuminate/Filesystem/Filesystem.php(124): Illuminate\\Filesystem\\Filesystem::Illuminate\\Filesystem\\{closure}()
#5 /var/www/sepand-crm/vendor/laravel/framework/src/Illuminate/View/Engines/PhpEngine.php(58): Illuminate\\Filesystem\\Filesystem->getRequire()
#6 /var/www/sepand-crm/vendor/laravel/framework/src/Illuminate/View/Engines/CompilerEngine.php(72): Illuminate\\View\\Engines\\PhpEngine->evaluatePath()
#7 /var/www/sepand-crm/vendor/laravel/framework/src/Illuminate/View/View.php(207): Illuminate\\View\\Engines\\CompilerEngine->get()
#8 /var/www/sepand-crm/vendor/laravel/framework/src/Illuminate/View/View.php(190): Illuminate\\View\\View->getContents()
#9 /var/www/sepand-crm/vendor/laravel/framework/src/Illuminate/View/View.php(159): Illuminate\\View\\View->renderContents()
#10 /var/www/sepand-crm/storage/framework/views/cccbae90a4877b59e940fcd1e60b875a.php(20): Illuminate\\View\\View->render()
#11 /var/www/sepand-crm/vendor/laravel/framework/src/Illuminate/Filesystem/Filesystem.php(123): require('...')
#12 /var/www/sepand-crm/vendor/laravel/framework/src/Illuminate/Filesystem/Filesystem.php(124): Illuminate\\Filesystem\\Filesystem::Illuminate\\Filesystem\\{closure}()
#13 /var/www/sepand-crm/vendor/laravel/framework/src/Illuminate/View/Engines/PhpEngine.php(58): Illuminate\\Filesystem\\Filesystem->getRequire()
#14 /var/www/sepand-crm/vendor/laravel/framework/src/Illuminate/View/Engines/CompilerEngine.php(72): Illuminate\\View\\Engines\\PhpEngine->evaluatePath()
#15 /var/www/sepand-crm/vendor/laravel/framework/src/Illuminate/View/View.php(207): Illuminate\\View\\Engines\\CompilerEngine->get()
#16 /var/www/sepand-crm/vendor/laravel/framework/src/Illuminate/View/View.php(190): Illuminate\\View\\View->getContents()
#17 /var/www/sepand-crm/vendor/laravel/framework/src/Illuminate/View/View.php(159): Illuminate\\View\\View->renderContents()
#18 /var/www/sepand-crm/vendor/laravel/framework/src/Illuminate/View/Concerns/ManagesComponents.php(103): Illuminate\\View\\View->render()
#19 /var/www/sepand-crm/storage/framework/views/7e92f77bc7e75d6ed119332f770074c7.php(56): Illuminate\\View\\Factory->renderComponent()
#20 /var/www/sepand-crm/vendor/laravel/framework/src/Illuminate/Filesystem/Filesystem.php(123): require('...')
#21 /var/www/sepand-crm/vendor/laravel/framework/src/Illuminate/Filesystem/Filesystem.php(124): Illuminate\\Filesystem\\Filesystem::Illuminate\\Filesystem\\{closure}()
#22 /var/www/sepand-crm/vendor/laravel/framework/src/Illuminate/View/Engines/PhpEngine.php(58): Illuminate\\Filesystem\\Filesystem->getRequire()
#23 /var/www/sepand-crm/vendor/laravel/framework/src/Illuminate/View/Engines/CompilerEngine.php(72): Illuminate\\View\\Engines\\PhpEngine->evaluatePath()
#24 /var/www/sepand-crm/vendor/laravel/framework/src/Illuminate/View/View.php(207): Illuminate\\View\\Engines\\CompilerEngine->get()
#25 /var/www/sepand-crm/vendor/laravel/framework/src/Illuminate/View/View.php(190): Illuminate\\View\\View->getContents()
#26 /var/www/sepand-crm/vendor/laravel/framework/src/Illuminate/View/View.php(159): Illuminate\\View\\View->renderContents()
#27 /var/www/sepand-crm/vendor/laravel/framework/src/Illuminate/View/Concerns/ManagesComponents.php(103): Illuminate\\View\\View->render()
#28 /var/www/sepand-crm/storage/framework/views/8f791365e2e2112d31492f8edfe56bcc.php(1071): Illuminate\\View\\Factory->renderComponent()
#29 /var/www/sepand-crm/vendor/laravel/framework/src/Illuminate/Filesystem/Filesystem.php(123): require('...')
#30 /var/www/sepand-crm/vendor/laravel/framework/src/Illuminate/Filesystem/Filesystem.php(124): Illuminate\\Filesystem\\Filesystem::Illuminate\\Filesystem\\{closure}()
#31 /var/www/sepand-crm/vendor/laravel/framework/src/Illuminate/View/Engines/PhpEngine.php(58): Illuminate\\Filesystem\\Filesystem->getRequire()
#32 /var/www/sepand-crm/vendor/laravel/framework/src/Illuminate/View/Engines/CompilerEngine.php(72): Illuminate\\View\\Engines\\PhpEngine->evaluatePath()
#33 /var/www/sepand-crm/vendor/laravel/framework/src/Illuminate/View/View.php(207): Illuminate\\View\\Engines\\CompilerEngine->get()
#34 /var/www/sepand-crm/vendor/laravel/framework/src/Illuminate/View/View.php(190): Illuminate\\View\\View->getContents()
#35 /var/www/sepand-crm/vendor/laravel/framework/src/Illuminate/View/View.php(159): Illuminate\\View\\View->renderContents()
#36 /var/www/sepand-crm/vendor/laravel/framework/src/Illuminate/Http/Response.php(69): Illuminate\\View\\View->render()
#37 /var/www/sepand-crm/vendor/laravel/framework/src/Illuminate/Http/Response.php(35): Illuminate\\Http\\Response->setContent()
#38 /var/www/sepand-crm/vendor/laravel/framework/src/Illuminate/Routing/Router.php(918): Illuminate\\Http\\Response->__construct()
#39 /var/www/sepand-crm/vendor/laravel/framework/src/Illuminate/Routing/Router.php(885): Illuminate\\Routing\\Router::toResponse()
#40 /var/www/sepand-crm/vendor/laravel/framework/src/Illuminate/Routing/Router.php(805): Illuminate\\Routing\\Router->prepareResponse()
#41 /var/www/sepand-crm/vendor/laravel/framework/src/Illuminate/Pipeline/Pipeline.php(144): Illuminate\\Routing\\Router->Illuminate\\Routing\\{closure}()
#42 /var/www/sepand-crm/vendor/laravel/framework/src/Illuminate/Foundation/Testing/Concerns/MakesHttpRequests.php(180): Illuminate\\Pipeline\\Pipeline->Illuminate\\Pipeline\\{closure}()
#43 /var/www/sepand-crm/vendor/laravel/framework/src/Illuminate/Pipeline/Pipeline.php(183): class@anonymous->handle()
#44 /var/www/sepand-crm/vendor/laravel/framework/src/Illuminate/Routing/Middleware/SubstituteBindings.php(50): Illuminate\\Pipeline\\Pipeline->Illuminate\\Pipeline\\{closure}()
#45 /var/www/sepand-crm/vendor/laravel/framework/src/Illuminate/Pipeline/Pipeline.php(183): Illuminate\\Routing\\Middleware\\SubstituteBindings->handle()
#46 /var/www/sepand-crm/vendor/laravel/framework/src/Illuminate/Auth/Middleware/Authenticate.php(57): Illuminate\\Pipeline\\Pipeline->Illuminate\\Pipeline\\{closure}()
#47 /var/www/sepand-crm/vendor/laravel/framework/src/Illuminate/Pipeline/Pipeline.php(183): Illuminate\\Auth\\Middleware\\Authenticate->handle()
#48 /var/www/sepand-crm/vendor/laravel/framework/src/Illuminate/Foundation/Http/Middleware/VerifyCsrfToken.php(78): Illuminate\\Pipeline\\Pipeline->Illuminate\\Pipeline\\{closure}()
#49 /var/www/sepand-crm/vendor/laravel/framework/src/Illuminate/Pipeline/Pipeline.php(183): Illuminate\\Foundation\\Http\\Middleware\\VerifyCsrfToken->handle()
#50 /var/www/sepand-crm/vendor/laravel/framework/src/Illuminate/View/Middleware/ShareErrorsFromSession.php(49): Illuminate\\Pipeline\\Pipeline->Illuminate\\Pipeline\\{closure}()
#51 /var/www/sepand-crm/vendor/laravel/framework/src/Illuminate/Pipeline/Pipeline.php(183): Illuminate\\View\\Middleware\\ShareErrorsFromSession->handle()
#52 /var/www/sepand-crm/Modules/Auth/App/Http/Middleware/EnsureScreenIsUnlocked.php(14): Illuminate\\Pipeline\\Pipeline->Illuminate\\Pipeline\\{closure}()
#53 /var/www/sepand-crm/vendor/laravel/framework/src/Illuminate/Pipeline/Pipeline.php(183): Modules\\Auth\\App\\Http\\Middleware\\EnsureScreenIsUnlocked->handle()
#54 /var/www/sepand-crm/Modules/Auth/App/Http/Middleware/EnsureUserIsActive.php(17): Illuminate\\Pipeline\\Pipeline->Illuminate\\Pipeline\\{closure}()
#55 /var/www/sepand-crm/vendor/laravel/framework/src/Illuminate/Pipeline/Pipeline.php(183): Modules\\Auth\\App\\Http\\Middleware\\EnsureUserIsActive->handle()
#56 /var/www/sepand-crm/vendor/laravel/framework/src/Illuminate/Session/Middleware/StartSession.php(121): Illuminate\\Pipeline\\Pipeline->Illuminate\\Pipeline\\{closure}()
#57 /var/www/sepand-crm/vendor/laravel/framework/src/Illuminate/Session/Middleware/StartSession.php(64): Illuminate\\Session\\Middleware\\StartSession->handleStatefulRequest()
#58 /var/www/sepand-crm/vendor/laravel/framework/src/Illuminate/Pipeline/Pipeline.php(183): Illuminate\\Session\\Middleware\\StartSession->handle()
#59 /var/www/sepand-crm/vendor/laravel/framework/src/Illuminate/Cookie/Middleware/AddQueuedCookiesToResponse.php(37): Illuminate\\Pipeline\\Pipeline->Illuminate\\Pipeline\\{closure}()
#60 /var/www/sepand-crm/vendor/laravel/framework/src/Illuminate/Pipeline/Pipeline.php(183): Illuminate\\Cookie\\Middleware\\AddQueuedCookiesToResponse->handle()
#61 /var/www/sepand-crm/vendor/laravel/framework/src/Illuminate/Cookie/Middleware/EncryptCookies.php(67): Illuminate\\Pipeline\\Pipeline->Illuminate\\Pipeline\\{closure}()
#62 /var/www/sepand-crm/vendor/laravel/framework/src/Illuminate/Pipeline/Pipeline.php(183): Illuminate\\Cookie\\Middleware\\EncryptCookies->handle()
#63 /var/www/sepand-crm/vendor/laravel/framework/src/Illuminate/Pipeline/Pipeline.php(119): Illuminate\\Pipeline\\Pipeline->Illuminate\\Pipeline\\{closure}()
#64 /var/www/sepand-crm/vendor/laravel/framework/src/Illuminate/Routing/Router.php(805): Illuminate\\Pipeline\\Pipeline->then()
#65 /var/www/sepand-crm/vendor/laravel/framework/src/Illuminate/Routing/Router.php(784): Illuminate\\Routing\\Router->runRouteWithinStack()
#66 /var/www/sepand-crm/vendor/laravel/framework/src/Illuminate/Routing/Router.php(748): Illuminate\\Routing\\Router->runRoute()
#67 /var/www/sepand-crm/vendor/laravel/framework/src/Illuminate/Routing/Router.php(737): Illuminate\\Routing\\Router->dispatchToRoute()
#68 /var/www/sepand-crm/vendor/laravel/framework/src/Illuminate/Foundation/Http/Kernel.php(200): Illuminate\\Routing\\Router->dispatch()
#69 /var/www/sepand-crm/vendor/laravel/framework/src/Illuminate/Pipeline/Pipeline.php(144): Illuminate\\Foundation\\Http\\Kernel->Illuminate\\Foundation\\Http\\{closure}()
#70 /var/www/sepand-crm/vendor/laravel/framework/src/Illuminate/Foundation/Http/Middleware/TransformsRequest.php(21): Illuminate\\Pipeline\\Pipeline->Illuminate\\Pipeline\\{closure}()
#71 /var/www/sepand-crm/vendor/laravel/framework/src/Illuminate/Foundation/Http/Middleware/ConvertEmptyStringsToNull.php(31): Illuminate\\Foundation\\Http\\Middleware\\TransformsRequest->handle()
#72 /var/www/sepand-crm/vendor/laravel/framework/src/Illuminate/Pipeline/Pipeline.php(183): Illuminate\\Foundation\\Http\\Middleware\\ConvertEmptyStringsToNull->handle()
#73 /var/www/sepand-crm/vendor/laravel/framework/src/Illuminate/Foundation/Http/Middleware/TransformsRequest.php(21): Illuminate\\Pipeline\\Pipeline->Illuminate\\Pipeline\\{closure}()
#74 /var/www/sepand-crm/vendor/laravel/framework/src/Illuminate/Foundation/Http/Middleware/TrimStrings.php(40): Illuminate\\Foundation\\Http\\Middleware\\TransformsRequest->handle()
#75 /var/www/sepand-crm/vendor/laravel/framework/src/Illuminate/Pipeline/Pipeline.php(183): Illuminate\\Foundation\\Http\\Middleware\\TrimStrings->handle()
#76 /var/www/sepand-crm/vendor/laravel/framework/src/Illuminate/Foundation/Http/Middleware/ValidatePostSize.php(27): Illuminate\\Pipeline\\Pipeline->Illuminate\\Pipeline\\{closure}()
#77 /var/www/sepand-crm/vendor/laravel/framework/src/Illuminate/Pipeline/Pipeline.php(183): Illuminate\\Foundation\\Http\\Middleware\\ValidatePostSize->handle()
#78 /var/www/sepand-crm/app/Http/Middleware/IdentifyTenant.php(28): Illuminate\\Pipeline\\Pipeline->Illuminate\\Pipeline\\{closure}()
#79 /var/www/sepand-crm/vendor/laravel/framework/src/Illuminate/Pipeline/Pipeline.php(183): App\\Http\\Middleware\\IdentifyTenant->handle()
#80 /var/www/sepand-crm/vendor/laravel/framework/src/Illuminate/Foundation/Http/Middleware/PreventRequestsDuringMaintenance.php(99): Illuminate\\Pipeline\\Pipeline->Illuminate\\Pipeline\\{closure}()
#81 /var/www/sepand-crm/vendor/laravel/framework/src/Illuminate/Pipeline/Pipeline.php(183): Illuminate\\Foundation\\Http\\Middleware\\PreventRequestsDuringMaintenance->handle()
#82 /var/www/sepand-crm/vendor/laravel/framework/src/Illuminate/Http/Middleware/HandleCors.php(49): Illuminate\\Pipeline\\Pipeline->Illuminate\\Pipeline\\{closure}()
#83 /var/www/sepand-crm/vendor/laravel/framework/src/Illuminate/Pipeline/Pipeline.php(183): Illuminate\\Http\\Middleware\\HandleCors->handle()
#84 /var/www/sepand-crm/vendor/laravel/framework/src/Illuminate/Http/Middleware/TrustProxies.php(39): Illuminate\\Pipeline\\Pipeline->Illuminate\\Pipeline\\{closure}()
#85 /var/www/sepand-crm/vendor/laravel/framework/src/Illuminate/Pipeline/Pipeline.php(183): Illuminate\\Http\\Middleware\\TrustProxies->handle()
#86 /var/www/sepand-crm/vendor/laravel/framework/src/Illuminate/Pipeline/Pipeline.php(119): Illuminate\\Pipeline\\Pipeline->Illuminate\\Pipeline\\{closure}()
#87 /var/www/sepand-crm/vendor/laravel/framework/src/Illuminate/Foundation/Http/Kernel.php(175): Illuminate\\Pipeline\\Pipeline->then()
#88 /var/www/sepand-crm/vendor/laravel/framework/src/Illuminate/Foundation/Http/Kernel.php(144): Illuminate\\Foundation\\Http\\Kernel->sendRequestThroughRouter()
#89 /var/www/sepand-crm/vendor/laravel/framework/src/Illuminate/Foundation/Testing/Concerns/MakesHttpRequests.php(585): Illuminate\\Foundation\\Http\\Kernel->handle()
#90 /var/www/sepand-crm/vendor/laravel/framework/src/Illuminate/Foundation/Testing/Concerns/MakesHttpRequests.php(346): Illuminate\\Foundation\\Testing\\TestCase->call()
#91 /var/www/sepand-crm/tests/Feature/ReceiptWorkflowTest.php(235): Illuminate\\Foundation\\Testing\\TestCase->get()
#92 /var/www/sepand-crm/vendor/phpunit/phpunit/src/Framework/TestCase.php(1548): Tests\\Feature\\ReceiptWorkflowTest->test_operation_attachments_include_task_files_with_section_metadata()
#93 /var/www/sepand-crm/vendor/phpunit/phpunit/src/Framework/TestCase.php(686): PHPUnit\\Framework\\TestCase->runTest()
#94 /var/www/sepand-crm/vendor/phpunit/phpunit/src/Framework/TestRunner.php(106): PHPUnit\\Framework\\TestCase->runBare()
#95 /var/www/sepand-crm/vendor/phpunit/phpunit/src/Framework/TestCase.php(516): PHPUnit\\Framework\\TestRunner->run()
#96 /var/www/sepand-crm/vendor/phpunit/phpunit/src/Framework/TestSuite.php(374): PHPUnit\\Framework\\TestCase->run()
#97 /var/www/sepand-crm/vendor/phpunit/phpunit/src/Framework/TestSuite.php(374): PHPUnit\\Framework\\TestSuite->run()
#98 /var/www/sepand-crm/vendor/phpunit/phpunit/src/Framework/TestSuite.php(374): PHPUnit\\Framework\\TestSuite->run()
#99 /var/www/sepand-crm/vendor/phpunit/phpunit/src/TextUI/TestRunner.php(64): PHPUnit\\Framework\\TestSuite->run()
#100 /var/www/sepand-crm/vendor/phpunit/phpunit/src/TextUI/Application.php(204): PHPUnit\\TextUI\\TestRunner->run()
#101 /var/www/sepand-crm/vendor/phpunit/phpunit/phpunit(104): PHPUnit\\TextUI\\Application->run()
#102 {main}
"} 
[2026-07-17 20:50:02] production.ERROR: include(/var/www/sepand-crm/portal-customer-site/vendor/composer/../../app/Tenancy/TenantAwareDatabasePresenceVerifier.php): Failed to open stream: No such file or directory {"exception":"[object] (ErrorException(code: 0): include(/var/www/sepand-crm/portal-customer-site/vendor/composer/../../app/Tenancy/TenantAwareDatabasePresenceVerifier.php): Failed to open stream: No such file or directory at /var/www/sepand-crm/portal-customer-site/vendor/composer/ClassLoader.php:576)
[stacktrace]
#0 /var/www/sepand-crm/portal-customer-site/vendor/laravel/framework/src/Illuminate/Foundation/Bootstrap/HandleExceptions.php(255): Illuminate\\Foundation\\Bootstrap\\HandleExceptions->handleError()
#1 /var/www/sepand-crm/portal-customer-site/vendor/composer/ClassLoader.php(576): Illuminate\\Foundation\\Bootstrap\\HandleExceptions->Illuminate\\Foundation\\Bootstrap\\{closure}()
#2 /var/www/sepand-crm/portal-customer-site/vendor/composer/ClassLoader.php(576): include('...')
#3 /var/www/sepand-crm/portal-customer-site/vendor/composer/ClassLoader.php(427): Composer\\Autoload\\{closure}()
#4 /var/www/sepand-crm/portal-customer-site/app/Providers/AppServiceProvider.php(41): Composer\\Autoload\\ClassLoader->loadClass()
#5 /var/www/sepand-crm/portal-customer-site/vendor/laravel/framework/src/Illuminate/Container/BoundMethod.php(36): App\\Providers\\AppServiceProvider->boot()
#6 /var/www/sepand-crm/portal-customer-site/vendor/laravel/framework/src/Illuminate/Container/Util.php(41): Illuminate\\Container\\BoundMethod::Illuminate\\Container\\{closure}()
#7 /var/www/sepand-crm/portal-customer-site/vendor/laravel/framework/src/Illuminate/Container/BoundMethod.php(93): Illuminate\\Container\\Util::unwrapIfClosure()
#8 /var/www/sepand-crm/portal-customer-site/vendor/laravel/framework/src/Illuminate/Container/BoundMethod.php(35): Illuminate\\Container\\BoundMethod::callBoundMethod()
#9 /var/www/sepand-crm/portal-customer-site/vendor/laravel/framework/src/Illuminate/Container/Container.php(662): Illuminate\\Container\\BoundMethod::call()
#10 /var/www/sepand-crm/portal-customer-site/vendor/laravel/framework/src/Illuminate/Foundation/Application.php(1059): Illuminate\\Container\\Container->call()
#11 /var/www/sepand-crm/portal-customer-site/vendor/laravel/framework/src/Illuminate/Foundation/Application.php(1040): Illuminate\\Foundation\\Application->bootProvider()
#12 [internal function]: Illuminate\\Foundation\\Application->Illuminate\\Foundation\\{closure}()
#13 /var/www/sepand-crm/portal-customer-site/vendor/laravel/framework/src/Illuminate/Foundation/Application.php(1039): array_walk()
#14 /var/www/sepand-crm/portal-customer-site/vendor/laravel/framework/src/Illuminate/Foundation/Bootstrap/BootProviders.php(17): Illuminate\\Foundation\\Application->boot()
#15 /var/www/sepand-crm/portal-customer-site/vendor/laravel/framework/src/Illuminate/Foundation/Application.php(286): Illuminate\\Foundation\\Bootstrap\\BootProviders->bootstrap()
#16 /var/www/sepand-crm/portal-customer-site/vendor/laravel/framework/src/Illuminate/Foundation/Console/Kernel.php(447): Illuminate\\Foundation\\Application->bootstrapWith()
#17 /var/www/sepand-crm/portal-customer-site/vendor/laravel/framework/src/Illuminate/Foundation/Console/Kernel.php(199): Illuminate\\Foundation\\Console\\Kernel->bootstrap()
#18 /var/www/sepand-crm/portal-customer-site/artisan(35): Illuminate\\Foundation\\Console\\Kernel->handle()
#19 {main}
"} 
[2026-07-17 20:56:17] production.ERROR: include(/var/www/sepand-crm/portal-customer-site/vendor/composer/../../app/Tenancy/TenantAwareDatabasePresenceVerifier.php): Failed to open stream: No such file or directory {"exception":"[object] (ErrorException(code: 0): include(/var/www/sepand-crm/portal-customer-site/vendor/composer/../../app/Tenancy/TenantAwareDatabasePresenceVerifier.php): Failed to open stream: No such file or directory at /var/www/sepand-crm/portal-customer-site/vendor/composer/ClassLoader.php:576)
[stacktrace]
#0 /var/www/sepand-crm/portal-customer-site/vendor/laravel/framework/src/Illuminate/Foundation/Bootstrap/HandleExceptions.php(255): Illuminate\\Foundation\\Bootstrap\\HandleExceptions->handleError()
#1 /var/www/sepand-crm/portal-customer-site/vendor/composer/ClassLoader.php(576): Illuminate\\Foundation\\Bootstrap\\HandleExceptions->Illuminate\\Foundation\\Bootstrap\\{closure}()
#2 /var/www/sepand-crm/portal-customer-site/vendor/composer/ClassLoader.php(576): include('...')
#3 /var/www/sepand-crm/portal-customer-site/vendor/composer/ClassLoader.php(427): Composer\\Autoload\\{closure}()
#4 /var/www/sepand-crm/portal-customer-site/app/Providers/AppServiceProvider.php(41): Composer\\Autoload\\ClassLoader->loadClass()
#5 /var/www/sepand-crm/portal-customer-site/vendor/laravel/framework/src/Illuminate/Container/BoundMethod.php(36): App\\Providers\\AppServiceProvider->boot()
#6 /var/www/sepand-crm/portal-customer-site/vendor/laravel/framework/src/Illuminate/Container/Util.php(41): Illuminate\\Container\\BoundMethod::Illuminate\\Container\\{closure}()
#7 /var/www/sepand-crm/portal-customer-site/vendor/laravel/framework/src/Illuminate/Container/BoundMethod.php(93): Illuminate\\Container\\Util::unwrapIfClosure()
#8 /var/www/sepand-crm/portal-customer-site/vendor/laravel/framework/src/Illuminate/Container/BoundMethod.php(35): Illuminate\\Container\\BoundMethod::callBoundMethod()
#9 /var/www/sepand-crm/portal-customer-site/vendor/laravel/framework/src/Illuminate/Container/Container.php(662): Illuminate\\Container\\BoundMethod::call()
#10 /var/www/sepand-crm/portal-customer-site/vendor/laravel/framework/src/Illuminate/Foundation/Application.php(1059): Illuminate\\Container\\Container->call()
#11 /var/www/sepand-crm/portal-customer-site/vendor/laravel/framework/src/Illuminate/Foundation/Application.php(1040): Illuminate\\Foundation\\Application->bootProvider()
#12 [internal function]: Illuminate\\Foundation\\Application->Illuminate\\Foundation\\{closure}()
#13 /var/www/sepand-crm/portal-customer-site/vendor/laravel/framework/src/Illuminate/Foundation/Application.php(1039): array_walk()
#14 /var/www/sepand-crm/portal-customer-site/vendor/laravel/framework/src/Illuminate/Foundation/Bootstrap/BootProviders.php(17): Illuminate\\Foundation\\Application->boot()
#15 /var/www/sepand-crm/portal-customer-site/vendor/laravel/framework/src/Illuminate/Foundation/Application.php(286): Illuminate\\Foundation\\Bootstrap\\BootProviders->bootstrap()
#16 /var/www/sepand-crm/portal-customer-site/vendor/laravel/framework/src/Illuminate/Foundation/Console/Kernel.php(447): Illuminate\\Foundation\\Application->bootstrapWith()
#17 /var/www/sepand-crm/portal-customer-site/vendor/laravel/framework/src/Illuminate/Foundation/Console/Kernel.php(199): Illuminate\\Foundation\\Console\\Kernel->bootstrap()
#18 /var/www/sepand-crm/portal-customer-site/artisan(35): Illuminate\\Foundation\\Console\\Kernel->handle()
#19 {main}
"} 
[2026-07-17 20:57:06] testing.ERROR: No application encryption key has been specified. {"exception":"[object] (Illuminate\\Encryption\\MissingAppKeyException(code: 0): No application encryption key has been specified. at /var/www/sepand-crm/portal-customer-site/vendor/laravel/framework/src/Illuminate/Encryption/EncryptionServiceProvider.php:79)
[stacktrace]
#0 /var/www/sepand-crm/portal-customer-site/vendor/laravel/framework/src/Illuminate/Support/helpers.php(320): Illuminate\\Encryption\\EncryptionServiceProvider->Illuminate\\Encryption\\{closure}()
#1 /var/www/sepand-crm/portal-customer-site/vendor/laravel/framework/src/Illuminate/Encryption/EncryptionServiceProvider.php(77): tap()
#2 /var/www/sepand-crm/portal-customer-site/vendor/laravel/framework/src/Illuminate/Encryption/EncryptionServiceProvider.php(60): Illuminate\\Encryption\\EncryptionServiceProvider->key()
#3 /var/www/sepand-crm/portal-customer-site/vendor/laravel/framework/src/Illuminate/Encryption/EncryptionServiceProvider.php(32): Illuminate\\Encryption\\EncryptionServiceProvider->parseKey()
#4 /var/www/sepand-crm/portal-customer-site/vendor/laravel/framework/src/Illuminate/Container/Container.php(908): Illuminate\\Encryption\\EncryptionServiceProvider->Illuminate\\Encryption\\{closure}()
#5 /var/www/sepand-crm/portal-customer-site/vendor/laravel/framework/src/Illuminate/Container/Container.php(795): Illuminate\\Container\\Container->build()
#6 /var/www/sepand-crm/portal-customer-site/vendor/laravel/framework/src/Illuminate/Foundation/Application.php(986): Illuminate\\Container\\Container->resolve()
#7 /var/www/sepand-crm/portal-customer-site/vendor/laravel/framework/src/Illuminate/Container/Container.php(731): Illuminate\\Foundation\\Application->resolve()
#8 /var/www/sepand-crm/portal-customer-site/vendor/laravel/framework/src/Illuminate/Foundation/Application.php(971): Illuminate\\Container\\Container->make()
#9 /var/www/sepand-crm/portal-customer-site/vendor/laravel/framework/src/Illuminate/Container/Container.php(1066): Illuminate\\Foundation\\Application->make()
#10 /var/www/sepand-crm/portal-customer-site/vendor/laravel/framework/src/Illuminate/Container/Container.php(982): Illuminate\\Container\\Container->resolveClass()
#11 /var/www/sepand-crm/portal-customer-site/vendor/laravel/framework/src/Illuminate/Container/Container.php(943): Illuminate\\Container\\Container->resolveDependencies()
#12 /var/www/sepand-crm/portal-customer-site/vendor/laravel/framework/src/Illuminate/Container/Container.php(795): Illuminate\\Container\\Container->build()
#13 /var/www/sepand-crm/portal-customer-site/vendor/laravel/framework/src/Illuminate/Foundation/Application.php(986): Illuminate\\Container\\Container->resolve()
#14 /var/www/sepand-crm/portal-customer-site/vendor/laravel/framework/src/Illuminate/Container/Container.php(731): Illuminate\\Foundation\\Application->resolve()
#15 /var/www/sepand-crm/portal-customer-site/vendor/laravel/framework/src/Illuminate/Foundation/Application.php(971): Illuminate\\Container\\Container->make()
#16 /var/www/sepand-crm/portal-customer-site/vendor/laravel/framework/src/Illuminate/Pipeline/Pipeline.php(172): Illuminate\\Foundation\\Application->make()
#17 /var/www/sepand-crm/portal-customer-site/vendor/laravel/framework/src/Illuminate/Pipeline/Pipeline.php(119): Illuminate\\Pipeline\\Pipeline->Illuminate\\Pipeline\\{closure}()
#18 /var/www/sepand-crm/portal-customer-site/vendor/laravel/framework/src/Illuminate/Routing/Router.php(805): Illuminate\\Pipeline\\Pipeline->then()
#19 /var/www/sepand-crm/portal-customer-site/vendor/laravel/framework/src/Illuminate/Routing/Router.php(784): Illuminate\\Routing\\Router->runRouteWithinStack()
#20 /var/www/sepand-crm/portal-customer-site/vendor/laravel/framework/src/Illuminate/Routing/Router.php(748): Illuminate\\Routing\\Router->runRoute()
#21 /var/www/sepand-crm/portal-customer-site/vendor/laravel/framework/src/Illuminate/Routing/Router.php(737): Illuminate\\Routing\\Router->dispatchToRoute()
#22 /var/www/sepand-crm/portal-customer-site/vendor/laravel/framework/src/Illuminate/Foundation/Http/Kernel.php(200): Illuminate\\Routing\\Router->dispatch()
#23 /var/www/sepand-crm/portal-customer-site/vendor/laravel/framework/src/Illuminate/Pipeline/Pipeline.php(144): Illuminate\\Foundation\\Http\\Kernel->Illuminate\\Foundation\\Http\\{closure}()
#24 /var/www/sepand-crm/portal-customer-site/vendor/laravel/framework/src/Illuminate/Foundation/Http/Middleware/TransformsRequest.php(21): Illuminate\\Pipeline\\Pipeline->Illuminate\\Pipeline\\{closure}()
#25 /var/www/sepand-crm/portal-customer-site/vendor/laravel/framework/src/Illuminate/Foundation/Http/Middleware/ConvertEmptyStringsToNull.php(31): Illuminate\\Foundation\\Http\\Middleware\\TransformsRequest->handle()
#26 /var/www/sepand-crm/portal-customer-site/vendor/laravel/framework/src/Illuminate/Pipeline/Pipeline.php(183): Illuminate\\Foundation\\Http\\Middleware\\ConvertEmptyStringsToNull->handle()
#27 /var/www/sepand-crm/portal-customer-site/vendor/laravel/framework/src/Illuminate/Foundation/Http/Middleware/TransformsRequest.php(21): Illuminate\\Pipeline\\Pipeline->Illuminate\\Pipeline\\{closure}()
#28 /var/www/sepand-crm/portal-customer-site/vendor/laravel/framework/src/Illuminate/Foundation/Http/Middleware/TrimStrings.php(40): Illuminate\\Foundation\\Http\\Middleware\\TransformsRequest->handle()
#29 /var/www/sepand-crm/portal-customer-site/vendor/laravel/framework/src/Illuminate/Pipeline/Pipeline.php(183): Illuminate\\Foundation\\Http\\Middleware\\TrimStrings->handle()
#30 /var/www/sepand-crm/portal-customer-site/vendor/laravel/framework/src/Illuminate/Foundation/Http/Middleware/ValidatePostSize.php(27): Illuminate\\Pipeline\\Pipeline->Illuminate\\Pipeline\\{closure}()
#31 /var/www/sepand-crm/portal-customer-site/vendor/laravel/framework/src/Illuminate/Pipeline/Pipeline.php(183): Illuminate\\Foundation\\Http\\Middleware\\ValidatePostSize->handle()
#32 /var/www/sepand-crm/portal-customer-site/vendor/laravel/framework/src/Illuminate/Foundation/Http/Middleware/PreventRequestsDuringMaintenance.php(99): Illuminate\\Pipeline\\Pipeline->Illuminate\\Pipeline\\{closure}()
#33 /var/www/sepand-crm/portal-customer-site/vendor/laravel/framework/src/Illuminate/Pipeline/Pipeline.php(183): Illuminate\\Foundation\\Http\\Middleware\\PreventRequestsDuringMaintenance->handle()
#34 /var/www/sepand-crm/portal-customer-site/vendor/laravel/framework/src/Illuminate/Http/Middleware/HandleCors.php(49): Illuminate\\Pipeline\\Pipeline->Illuminate\\Pipeline\\{closure}()
#35 /var/www/sepand-crm/portal-customer-site/vendor/laravel/framework/src/Illuminate/Pipeline/Pipeline.php(183): Illuminate\\Http\\Middleware\\HandleCors->handle()
#36 /var/www/sepand-crm/portal-customer-site/vendor/laravel/framework/src/Illuminate/Http/Middleware/TrustProxies.php(39): Illuminate\\Pipeline\\Pipeline->Illuminate\\Pipeline\\{closure}()
#37 /var/www/sepand-crm/portal-customer-site/vendor/laravel/framework/src/Illuminate/Pipeline/Pipeline.php(183): Illuminate\\Http\\Middleware\\TrustProxies->handle()
#38 /var/www/sepand-crm/portal-customer-site/vendor/laravel/framework/src/Illuminate/Pipeline/Pipeline.php(119): Illuminate\\Pipeline\\Pipeline->Illuminate\\Pipeline\\{closure}()
#39 /var/www/sepand-crm/portal-customer-site/vendor/laravel/framework/src/Illuminate/Foundation/Http/Kernel.php(175): Illuminate\\Pipeline\\Pipeline->then()
#40 /var/www/sepand-crm/portal-customer-site/vendor/laravel/framework/src/Illuminate/Foundation/Http/Kernel.php(144): Illuminate\\Foundation\\Http\\Kernel->sendRequestThroughRouter()
#41 /var/www/sepand-crm/portal-customer-site/vendor/laravel/framework/src/Illuminate/Foundation/Testing/Concerns/MakesHttpRequests.php(585): Illuminate\\Foundation\\Http\\Kernel->handle()
#42 /var/www/sepand-crm/portal-customer-site/vendor/laravel/framework/src/Illuminate/Foundation/Testing/Concerns/MakesHttpRequests.php(346): Illuminate\\Foundation\\Testing\\TestCase->call()
#43 /var/www/sepand-crm/portal-customer-site/tests/Feature/ExampleTest.php(17): Illuminate\\Foundation\\Testing\\TestCase->get()
#44 /var/www/sepand-crm/portal-customer-site/vendor/phpunit/phpunit/src/Framework/TestCase.php(1548): Tests\\Feature\\ExampleTest->test_homepage_is_available_to_guests()
#45 /var/www/sepand-crm/portal-customer-site/vendor/phpunit/phpunit/src/Framework/TestCase.php(686): PHPUnit\\Framework\\TestCase->runTest()
#46 /var/www/sepand-crm/portal-customer-site/vendor/phpunit/phpunit/src/Framework/TestRunner.php(106): PHPUnit\\Framework\\TestCase->runBare()
#47 /var/www/sepand-crm/portal-customer-site/vendor/phpunit/phpunit/src/Framework/TestCase.php(516): PHPUnit\\Framework\\TestRunner->run()
#48 /var/www/sepand-crm/portal-customer-site/vendor/phpunit/phpunit/src/Framework/TestSuite.php(374): PHPUnit\\Framework\\TestCase->run()
#49 /var/www/sepand-crm/portal-customer-site/vendor/phpunit/phpunit/src/Framework/TestSuite.php(374): PHPUnit\\Framework\\TestSuite->run()
#50 /var/www/sepand-crm/portal-customer-site/vendor/phpunit/phpunit/src/Framework/TestSuite.php(374): PHPUnit\\Framework\\TestSuite->run()
#51 /var/www/sepand-crm/portal-customer-site/vendor/phpunit/phpunit/src/TextUI/TestRunner.php(64): PHPUnit\\Framework\\TestSuite->run()
#52 /var/www/sepand-crm/portal-customer-site/vendor/phpunit/phpunit/src/TextUI/Application.php(204): PHPUnit\\TextUI\\TestRunner->run()
#53 /var/www/sepand-crm/portal-customer-site/vendor/phpunit/phpunit/phpunit(104): PHPUnit\\TextUI\\Application->run()
#54 {main}
"} 
[2026-07-17 21:00:22] production.ERROR: No application encryption key has been specified. {"exception":"[object] (Illuminate\\Encryption\\MissingAppKeyException(code: 0): No application encryption key has been specified. at /var/www/sepand-crm/portal-customer-site/vendor/laravel/framework/src/Illuminate/Encryption/EncryptionServiceProvider.php:79)
[stacktrace]
#0 /var/www/sepand-crm/portal-customer-site/vendor/laravel/framework/src/Illuminate/Support/helpers.php(320): Illuminate\\Encryption\\EncryptionServiceProvider->Illuminate\\Encryption\\{closure}()
#1 /var/www/sepand-crm/portal-customer-site/vendor/laravel/framework/src/Illuminate/Encryption/EncryptionServiceProvider.php(77): tap()
#2 /var/www/sepand-crm/portal-customer-site/vendor/laravel/framework/src/Illuminate/Encryption/EncryptionServiceProvider.php(60): Illuminate\\Encryption\\EncryptionServiceProvider->key()
#3 /var/www/sepand-crm/portal-customer-site/vendor/laravel/framework/src/Illuminate/Encryption/EncryptionServiceProvider.php(32): Illuminate\\Encryption\\EncryptionServiceProvider->parseKey()
#4 /var/www/sepand-crm/portal-customer-site/vendor/laravel/framework/src/Illuminate/Container/Container.php(908): Illuminate\\Encryption\\EncryptionServiceProvider->Illuminate\\Encryption\\{closure}()
#5 /var/www/sepand-crm/portal-customer-site/vendor/laravel/framework/src/Illuminate/Container/Container.php(795): Illuminate\\Container\\Container->build()
#6 /var/www/sepand-crm/portal-customer-site/vendor/laravel/framework/src/Illuminate/Foundation/Application.php(986): Illuminate\\Container\\Container->resolve()
#7 /var/www/sepand-crm/portal-customer-site/vendor/laravel/framework/src/Illuminate/Container/Container.php(731): Illuminate\\Foundation\\Application->resolve()
#8 /var/www/sepand-crm/portal-customer-site/vendor/laravel/framework/src/Illuminate/Foundation/Application.php(971): Illuminate\\Container\\Container->make()
#9 /var/www/sepand-crm/portal-customer-site/vendor/laravel/framework/src/Illuminate/Container/Container.php(1066): Illuminate\\Foundation\\Application->make()
#10 /var/www/sepand-crm/portal-customer-site/vendor/laravel/framework/src/Illuminate/Container/Container.php(982): Illuminate\\Container\\Container->resolveClass()
#11 /var/www/sepand-crm/portal-customer-site/vendor/laravel/framework/src/Illuminate/Container/Container.php(943): Illuminate\\Container\\Container->resolveDependencies()
#12 /var/www/sepand-crm/portal-customer-site/vendor/laravel/framework/src/Illuminate/Container/Container.php(795): Illuminate\\Container\\Container->build()
#13 /var/www/sepand-crm/portal-customer-site/vendor/laravel/framework/src/Illuminate/Foundation/Application.php(986): Illuminate\\Container\\Container->resolve()
#14 /var/www/sepand-crm/portal-customer-site/vendor/laravel/framework/src/Illuminate/Container/Container.php(731): Illuminate\\Foundation\\Application->resolve()
#15 /var/www/sepand-crm/portal-customer-site/vendor/laravel/framework/src/Illuminate/Foundation/Application.php(971): Illuminate\\Container\\Container->make()
#16 /var/www/sepand-crm/portal-customer-site/vendor/laravel/framework/src/Illuminate/Pipeline/Pipeline.php(172): Illuminate\\Foundation\\Application->make()
#17 /var/www/sepand-crm/portal-customer-site/vendor/laravel/framework/src/Illuminate/Pipeline/Pipeline.php(119): Illuminate\\Pipeline\\Pipeline->Illuminate\\Pipeline\\{closure}()
#18 /var/www/sepand-crm/portal-customer-site/vendor/laravel/framework/src/Illuminate/Routing/Router.php(805): Illuminate\\Pipeline\\Pipeline->then()
#19 /var/www/sepand-crm/portal-customer-site/vendor/laravel/framework/src/Illuminate/Routing/Router.php(784): Illuminate\\Routing\\Router->runRouteWithinStack()
#20 /var/www/sepand-crm/portal-customer-site/vendor/laravel/framework/src/Illuminate/Routing/Router.php(748): Illuminate\\Routing\\Router->runRoute()
#21 /var/www/sepand-crm/portal-customer-site/vendor/laravel/framework/src/Illuminate/Routing/Router.php(737): Illuminate\\Routing\\Router->dispatchToRoute()
#22 /var/www/sepand-crm/portal-customer-site/vendor/laravel/framework/src/Illuminate/Foundation/Http/Kernel.php(200): Illuminate\\Routing\\Router->dispatch()
#23 /var/www/sepand-crm/portal-customer-site/vendor/laravel/framework/src/Illuminate/Pipeline/Pipeline.php(144): Illuminate\\Foundation\\Http\\Kernel->Illuminate\\Foundation\\Http\\{closure}()
#24 /var/www/sepand-crm/portal-customer-site/vendor/laravel/framework/src/Illuminate/Foundation/Http/Middleware/TransformsRequest.php(21): Illuminate\\Pipeline\\Pipeline->Illuminate\\Pipeline\\{closure}()
#25 /var/www/sepand-crm/portal-customer-site/vendor/laravel/framework/src/Illuminate/Foundation/Http/Middleware/ConvertEmptyStringsToNull.php(31): Illuminate\\Foundation\\Http\\Middleware\\TransformsRequest->handle()
#26 /var/www/sepand-crm/portal-customer-site/vendor/laravel/framework/src/Illuminate/Pipeline/Pipeline.php(183): Illuminate\\Foundation\\Http\\Middleware\\ConvertEmptyStringsToNull->handle()
#27 /var/www/sepand-crm/portal-customer-site/vendor/laravel/framework/src/Illuminate/Foundation/Http/Middleware/TransformsRequest.php(21): Illuminate\\Pipeline\\Pipeline->Illuminate\\Pipeline\\{closure}()
#28 /var/www/sepand-crm/portal-customer-site/vendor/laravel/framework/src/Illuminate/Foundation/Http/Middleware/TrimStrings.php(40): Illuminate\\Foundation\\Http\\Middleware\\TransformsRequest->handle()
#29 /var/www/sepand-crm/portal-customer-site/vendor/laravel/framework/src/Illuminate/Pipeline/Pipeline.php(183): Illuminate\\Foundation\\Http\\Middleware\\TrimStrings->handle()
#30 /var/www/sepand-crm/portal-customer-site/vendor/laravel/framework/src/Illuminate/Foundation/Http/Middleware/ValidatePostSize.php(27): Illuminate\\Pipeline\\Pipeline->Illuminate\\Pipeline\\{closure}()
#31 /var/www/sepand-crm/portal-customer-site/vendor/laravel/framework/src/Illuminate/Pipeline/Pipeline.php(183): Illuminate\\Foundation\\Http\\Middleware\\ValidatePostSize->handle()
#32 /var/www/sepand-crm/portal-customer-site/vendor/laravel/framework/src/Illuminate/Foundation/Http/Middleware/PreventRequestsDuringMaintenance.php(99): Illuminate\\Pipeline\\Pipeline->Illuminate\\Pipeline\\{closure}()
#33 /var/www/sepand-crm/portal-customer-site/vendor/laravel/framework/src/Illuminate/Pipeline/Pipeline.php(183): Illuminate\\Foundation\\Http\\Middleware\\PreventRequestsDuringMaintenance->handle()
#34 /var/www/sepand-crm/portal-customer-site/vendor/laravel/framework/src/Illuminate/Http/Middleware/HandleCors.php(49): Illuminate\\Pipeline\\Pipeline->Illuminate\\Pipeline\\{closure}()
#35 /var/www/sepand-crm/portal-customer-site/vendor/laravel/framework/src/Illuminate/Pipeline/Pipeline.php(183): Illuminate\\Http\\Middleware\\HandleCors->handle()
#36 /var/www/sepand-crm/portal-customer-site/vendor/laravel/framework/src/Illuminate/Http/Middleware/TrustProxies.php(39): Illuminate\\Pipeline\\Pipeline->Illuminate\\Pipeline\\{closure}()
#37 /var/www/sepand-crm/portal-customer-site/vendor/laravel/framework/src/Illuminate/Pipeline/Pipeline.php(183): Illuminate\\Http\\Middleware\\TrustProxies->handle()
#38 /var/www/sepand-crm/portal-customer-site/vendor/laravel/framework/src/Illuminate/Pipeline/Pipeline.php(119): Illuminate\\Pipeline\\Pipeline->Illuminate\\Pipeline\\{closure}()
#39 /var/www/sepand-crm/portal-customer-site/vendor/laravel/framework/src/Illuminate/Foundation/Http/Kernel.php(175): Illuminate\\Pipeline\\Pipeline->then()
#40 /var/www/sepand-crm/portal-customer-site/vendor/laravel/framework/src/Illuminate/Foundation/Http/Kernel.php(144): Illuminate\\Foundation\\Http\\Kernel->sendRequestThroughRouter()
#41 /var/www/sepand-crm/portal-customer-site/public/index.php(51): Illuminate\\Foundation\\Http\\Kernel->handle()
#42 /var/www/sepand-crm/portal-customer-site/vendor/laravel/framework/src/Illuminate/Foundation/resources/server.php(16): require_once('...')
#43 {main}
"} 
[2026-07-17 21:00:22] production.ERROR: No application encryption key has been specified. {"exception":"[object] (Illuminate\\Encryption\\MissingAppKeyException(code: 0): No application encryption key has been specified. at /var/www/sepand-crm/portal-customer-site/vendor/laravel/framework/src/Illuminate/Encryption/EncryptionServiceProvider.php:79)
[stacktrace]
#0 /var/www/sepand-crm/portal-customer-site/vendor/laravel/framework/src/Illuminate/Support/helpers.php(320): Illuminate\\Encryption\\EncryptionServiceProvider->Illuminate\\Encryption\\{closure}()
#1 /var/www/sepand-crm/portal-customer-site/vendor/laravel/framework/src/Illuminate/Encryption/EncryptionServiceProvider.php(77): tap()
#2 /var/www/sepand-crm/portal-customer-site/vendor/laravel/framework/src/Illuminate/Encryption/EncryptionServiceProvider.php(60): Illuminate\\Encryption\\EncryptionServiceProvider->key()
#3 /var/www/sepand-crm/portal-customer-site/vendor/laravel/framework/src/Illuminate/Encryption/EncryptionServiceProvider.php(32): Illuminate\\Encryption\\EncryptionServiceProvider->parseKey()
#4 /var/www/sepand-crm/portal-customer-site/vendor/laravel/framework/src/Illuminate/Container/Container.php(908): Illuminate\\Encryption\\EncryptionServiceProvider->Illuminate\\Encryption\\{closure}()
#5 /var/www/sepand-crm/portal-customer-site/vendor/laravel/framework/src/Illuminate/Container/Container.php(795): Illuminate\\Container\\Container->build()
#6 /var/www/sepand-crm/portal-customer-site/vendor/laravel/framework/src/Illuminate/Foundation/Application.php(986): Illuminate\\Container\\Container->resolve()
#7 /var/www/sepand-crm/portal-customer-site/vendor/laravel/framework/src/Illuminate/Container/Container.php(731): Illuminate\\Foundation\\Application->resolve()
#8 /var/www/sepand-crm/portal-customer-site/vendor/laravel/framework/src/Illuminate/Foundation/Application.php(971): Illuminate\\Container\\Container->make()
#9 /var/www/sepand-crm/portal-customer-site/vendor/laravel/framework/src/Illuminate/Container/Container.php(1066): Illuminate\\Foundation\\Application->make()
#10 /var/www/sepand-crm/portal-customer-site/vendor/laravel/framework/src/Illuminate/Container/Container.php(982): Illuminate\\Container\\Container->resolveClass()
#11 /var/www/sepand-crm/portal-customer-site/vendor/laravel/framework/src/Illuminate/Container/Container.php(943): Illuminate\\Container\\Container->resolveDependencies()
#12 /var/www/sepand-crm/portal-customer-site/vendor/laravel/framework/src/Illuminate/Container/Container.php(795): Illuminate\\Container\\Container->build()
#13 /var/www/sepand-crm/portal-customer-site/vendor/laravel/framework/src/Illuminate/Foundation/Application.php(986): Illuminate\\Container\\Container->resolve()
#14 /var/www/sepand-crm/portal-customer-site/vendor/laravel/framework/src/Illuminate/Container/Container.php(731): Illuminate\\Foundation\\Application->resolve()
#15 /var/www/sepand-crm/portal-customer-site/vendor/laravel/framework/src/Illuminate/Foundation/Application.php(971): Illuminate\\Container\\Container->make()
#16 /var/www/sepand-crm/portal-customer-site/vendor/laravel/framework/src/Illuminate/Foundation/Http/Kernel.php(255): Illuminate\\Foundation\\Application->make()
#17 /var/www/sepand-crm/portal-customer-site/vendor/laravel/framework/src/Illuminate/Foundation/Http/Kernel.php(213): Illuminate\\Foundation\\Http\\Kernel->terminateMiddleware()
#18 /var/www/sepand-crm/portal-customer-site/public/index.php(55): Illuminate\\Foundation\\Http\\Kernel->terminate()
#19 /var/www/sepand-crm/portal-customer-site/vendor/laravel/framework/src/Illuminate/Foundation/resources/server.php(16): require_once('...')
#20 {main}
"} 
[2026-07-17 21:04:44] local.ERROR: No application encryption key has been specified. {"exception":"[object] (Illuminate\\Encryption\\MissingAppKeyException(code: 0): No application encryption key has been specified. at /var/www/sepand-crm/portal-customer-site/vendor/laravel/framework/src/Illuminate/Encryption/EncryptionServiceProvider.php:79)
[stacktrace]
#0 /var/www/sepand-crm/portal-customer-site/vendor/laravel/framework/src/Illuminate/Support/helpers.php(320): Illuminate\\Encryption\\EncryptionServiceProvider->Illuminate\\Encryption\\{closure}()
#1 /var/www/sepand-crm/portal-customer-site/vendor/laravel/framework/src/Illuminate/Encryption/EncryptionServiceProvider.php(77): tap()
#2 /var/www/sepand-crm/portal-customer-site/vendor/laravel/framework/src/Illuminate/Encryption/EncryptionServiceProvider.php(60): Illuminate\\Encryption\\EncryptionServiceProvider->key()
#3 /var/www/sepand-crm/portal-customer-site/vendor/laravel/framework/src/Illuminate/Encryption/EncryptionServiceProvider.php(32): Illuminate\\Encryption\\EncryptionServiceProvider->parseKey()
#4 /var/www/sepand-crm/portal-customer-site/vendor/laravel/framework/src/Illuminate/Container/Container.php(908): Illuminate\\Encryption\\EncryptionServiceProvider->Illuminate\\Encryption\\{closure}()
#5 /var/www/sepand-crm/portal-customer-site/vendor/laravel/framework/src/Illuminate/Container/Container.php(795): Illuminate\\Container\\Container->build()
#6 /var/www/sepand-crm/portal-customer-site/vendor/laravel/framework/src/Illuminate/Foundation/Application.php(986): Illuminate\\Container\\Container->resolve()
#7 /var/www/sepand-crm/portal-customer-site/vendor/laravel/framework/src/Illuminate/Container/Container.php(731): Illuminate\\Foundation\\Application->resolve()
#8 /var/www/sepand-crm/portal-customer-site/vendor/laravel/framework/src/Illuminate/Foundation/Application.php(971): Illuminate\\Container\\Container->make()
#9 /var/www/sepand-crm/portal-customer-site/vendor/laravel/framework/src/Illuminate/Container/Container.php(1066): Illuminate\\Foundation\\Application->make()
#10 /var/www/sepand-crm/portal-customer-site/vendor/laravel/framework/src/Illuminate/Container/Container.php(982): Illuminate\\Container\\Container->resolveClass()
#11 /var/www/sepand-crm/portal-customer-site/vendor/laravel/framework/src/Illuminate/Container/Container.php(943): Illuminate\\Container\\Container->resolveDependencies()
#12 /var/www/sepand-crm/portal-customer-site/vendor/laravel/framework/src/Illuminate/Container/Container.php(795): Illuminate\\Container\\Container->build()
#13 /var/www/sepand-crm/portal-customer-site/vendor/laravel/framework/src/Illuminate/Foundation/Application.php(986): Illuminate\\Container\\Container->resolve()
#14 /var/www/sepand-crm/portal-customer-site/vendor/laravel/framework/src/Illuminate/Container/Container.php(731): Illuminate\\Foundation\\Application->resolve()
#15 /var/www/sepand-crm/portal-customer-site/vendor/laravel/framework/src/Illuminate/Foundation/Application.php(971): Illuminate\\Container\\Container->make()
#16 /var/www/sepand-crm/portal-customer-site/vendor/laravel/framework/src/Illuminate/Pipeline/Pipeline.php(172): Illuminate\\Foundation\\Application->make()
#17 /var/www/sepand-crm/portal-customer-site/vendor/laravel/framework/src/Illuminate/Pipeline/Pipeline.php(119): Illuminate\\Pipeline\\Pipeline->Illuminate\\Pipeline\\{closure}()
#18 /var/www/sepand-crm/portal-customer-site/vendor/laravel/framework/src/Illuminate/Routing/Router.php(805): Illuminate\\Pipeline\\Pipeline->then()
#19 /var/www/sepand-crm/portal-customer-site/vendor/laravel/framework/src/Illuminate/Routing/Router.php(784): Illuminate\\Routing\\Router->runRouteWithinStack()
#20 /var/www/sepand-crm/portal-customer-site/vendor/laravel/framework/src/Illuminate/Routing/Router.php(748): Illuminate\\Routing\\Router->runRoute()
#21 /var/www/sepand-crm/portal-customer-site/vendor/laravel/framework/src/Illuminate/Routing/Router.php(737): Illuminate\\Routing\\Router->dispatchToRoute()
#22 /var/www/sepand-crm/portal-customer-site/vendor/laravel/framework/src/Illuminate/Foundation/Http/Kernel.php(200): Illuminate\\Routing\\Router->dispatch()
#23 /var/www/sepand-crm/portal-customer-site/vendor/laravel/framework/src/Illuminate/Pipeline/Pipeline.php(144): Illuminate\\Foundation\\Http\\Kernel->Illuminate\\Foundation\\Http\\{closure}()
#24 /var/www/sepand-crm/portal-customer-site/vendor/laravel/framework/src/Illuminate/Foundation/Http/Middleware/TransformsRequest.php(21): Illuminate\\Pipeline\\Pipeline->Illuminate\\Pipeline\\{closure}()
#25 /var/www/sepand-crm/portal-customer-site/vendor/laravel/framework/src/Illuminate/Foundation/Http/Middleware/ConvertEmptyStringsToNull.php(31): Illuminate\\Foundation\\Http\\Middleware\\TransformsRequest->handle()
#26 /var/www/sepand-crm/portal-customer-site/vendor/laravel/framework/src/Illuminate/Pipeline/Pipeline.php(183): Illuminate\\Foundation\\Http\\Middleware\\ConvertEmptyStringsToNull->handle()
#27 /var/www/sepand-crm/portal-customer-site/vendor/laravel/framework/src/Illuminate/Foundation/Http/Middleware/TransformsRequest.php(21): Illuminate\\Pipeline\\Pipeline->Illuminate\\Pipeline\\{closure}()
#28 /var/www/sepand-crm/portal-customer-site/vendor/laravel/framework/src/Illuminate/Foundation/Http/Middleware/TrimStrings.php(40): Illuminate\\Foundation\\Http\\Middleware\\TransformsRequest->handle()
#29 /var/www/sepand-crm/portal-customer-site/vendor/laravel/framework/src/Illuminate/Pipeline/Pipeline.php(183): Illuminate\\Foundation\\Http\\Middleware\\TrimStrings->handle()
#30 /var/www/sepand-crm/portal-customer-site/vendor/laravel/framework/src/Illuminate/Foundation/Http/Middleware/ValidatePostSize.php(27): Illuminate\\Pipeline\\Pipeline->Illuminate\\Pipeline\\{closure}()
#31 /var/www/sepand-crm/portal-customer-site/vendor/laravel/framework/src/Illuminate/Pipeline/Pipeline.php(183): Illuminate\\Foundation\\Http\\Middleware\\ValidatePostSize->handle()
#32 /var/www/sepand-crm/portal-customer-site/vendor/laravel/framework/src/Illuminate/Foundation/Http/Middleware/PreventRequestsDuringMaintenance.php(99): Illuminate\\Pipeline\\Pipeline->Illuminate\\Pipeline\\{closure}()
#33 /var/www/sepand-crm/portal-customer-site/vendor/laravel/framework/src/Illuminate/Pipeline/Pipeline.php(183): Illuminate\\Foundation\\Http\\Middleware\\PreventRequestsDuringMaintenance->handle()
#34 /var/www/sepand-crm/portal-customer-site/vendor/laravel/framework/src/Illuminate/Http/Middleware/HandleCors.php(49): Illuminate\\Pipeline\\Pipeline->Illuminate\\Pipeline\\{closure}()
#35 /var/www/sepand-crm/portal-customer-site/vendor/laravel/framework/src/Illuminate/Pipeline/Pipeline.php(183): Illuminate\\Http\\Middleware\\HandleCors->handle()
#36 /var/www/sepand-crm/portal-customer-site/vendor/laravel/framework/src/Illuminate/Http/Middleware/TrustProxies.php(39): Illuminate\\Pipeline\\Pipeline->Illuminate\\Pipeline\\{closure}()
#37 /var/www/sepand-crm/portal-customer-site/vendor/laravel/framework/src/Illuminate/Pipeline/Pipeline.php(183): Illuminate\\Http\\Middleware\\TrustProxies->handle()
#38 /var/www/sepand-crm/portal-customer-site/vendor/laravel/framework/src/Illuminate/Pipeline/Pipeline.php(119): Illuminate\\Pipeline\\Pipeline->Illuminate\\Pipeline\\{closure}()
#39 /var/www/sepand-crm/portal-customer-site/vendor/laravel/framework/src/Illuminate/Foundation/Http/Kernel.php(175): Illuminate\\Pipeline\\Pipeline->then()
#40 /var/www/sepand-crm/portal-customer-site/vendor/laravel/framework/src/Illuminate/Foundation/Http/Kernel.php(144): Illuminate\\Foundation\\Http\\Kernel->sendRequestThroughRouter()
#41 /var/www/sepand-crm/portal-customer-site/public/index.php(51): Illuminate\\Foundation\\Http\\Kernel->handle()
#42 /var/www/sepand-crm/portal-customer-site/vendor/laravel/framework/src/Illuminate/Foundation/resources/server.php(16): require_once('...')
#43 {main}
"} 
[2026-07-17 21:04:45] local.ERROR: No application encryption key has been specified. {"exception":"[object] (Illuminate\\Encryption\\MissingAppKeyException(code: 0): No application encryption key has been specified. at /var/www/sepand-crm/portal-customer-site/vendor/laravel/framework/src/Illuminate/Encryption/EncryptionServiceProvider.php:79)
[stacktrace]
#0 /var/www/sepand-crm/portal-customer-site/vendor/laravel/framework/src/Illuminate/Support/helpers.php(320): Illuminate\\Encryption\\EncryptionServiceProvider->Illuminate\\Encryption\\{closure}()
#1 /var/www/sepand-crm/portal-customer-site/vendor/laravel/framework/src/Illuminate/Encryption/EncryptionServiceProvider.php(77): tap()
#2 /var/www/sepand-crm/portal-customer-site/vendor/laravel/framework/src/Illuminate/Encryption/EncryptionServiceProvider.php(60): Illuminate\\Encryption\\EncryptionServiceProvider->key()
#3 /var/www/sepand-crm/portal-customer-site/vendor/laravel/framework/src/Illuminate/Encryption/EncryptionServiceProvider.php(32): Illuminate\\Encryption\\EncryptionServiceProvider->parseKey()
#4 /var/www/sepand-crm/portal-customer-site/vendor/laravel/framework/src/Illuminate/Container/Container.php(908): Illuminate\\Encryption\\EncryptionServiceProvider->Illuminate\\Encryption\\{closure}()
#5 /var/www/sepand-crm/portal-customer-site/vendor/laravel/framework/src/Illuminate/Container/Container.php(795): Illuminate\\Container\\Container->build()
#6 /var/www/sepand-crm/portal-customer-site/vendor/laravel/framework/src/Illuminate/Foundation/Application.php(986): Illuminate\\Container\\Container->resolve()
#7 /var/www/sepand-crm/portal-customer-site/vendor/laravel/framework/src/Illuminate/Container/Container.php(731): Illuminate\\Foundation\\Application->resolve()
#8 /var/www/sepand-crm/portal-customer-site/vendor/laravel/framework/src/Illuminate/Foundation/Application.php(971): Illuminate\\Container\\Container->make()
#9 /var/www/sepand-crm/portal-customer-site/vendor/laravel/framework/src/Illuminate/Container/Container.php(1066): Illuminate\\Foundation\\Application->make()
#10 /var/www/sepand-crm/portal-customer-site/vendor/laravel/framework/src/Illuminate/Container/Container.php(982): Illuminate\\Container\\Container->resolveClass()
#11 /var/www/sepand-crm/portal-customer-site/vendor/laravel/framework/src/Illuminate/Container/Container.php(943): Illuminate\\Container\\Container->resolveDependencies()
#12 /var/www/sepand-crm/portal-customer-site/vendor/laravel/framework/src/Illuminate/Container/Container.php(795): Illuminate\\Container\\Container->build()
#13 /var/www/sepand-crm/portal-customer-site/vendor/laravel/framework/src/Illuminate/Foundation/Application.php(986): Illuminate\\Container\\Container->resolve()
#14 /var/www/sepand-crm/portal-customer-site/vendor/laravel/framework/src/Illuminate/Container/Container.php(731): Illuminate\\Foundation\\Application->resolve()
#15 /var/www/sepand-crm/portal-customer-site/vendor/laravel/framework/src/Illuminate/Foundation/Application.php(971): Illuminate\\Container\\Container->make()
#16 /var/www/sepand-crm/portal-customer-site/vendor/laravel/framework/src/Illuminate/Foundation/Http/Kernel.php(255): Illuminate\\Foundation\\Application->make()
#17 /var/www/sepand-crm/portal-customer-site/vendor/laravel/framework/src/Illuminate/Foundation/Http/Kernel.php(213): Illuminate\\Foundation\\Http\\Kernel->terminateMiddleware()
#18 /var/www/sepand-crm/portal-customer-site/public/index.php(55): Illuminate\\Foundation\\Http\\Kernel->terminate()
#19 /var/www/sepand-crm/portal-customer-site/vendor/laravel/framework/src/Illuminate/Foundation/resources/server.php(16): require_once('...')
#20 {main}
"} 
